manually_labelled_snetiment,comment_id,author,text,published_at,likes
positive,UgzQ_o-sx7vNjVg27oh4AaABAg,@two_shoes-t7x,I sure love getting dripfed different episodes🤠,2025-12-17T14:15:16Z,0
neutral,Ugye2D4eKojLGbDigLd4AaABAg,@thebestleaderinthefuture4851,"Whoever thinks Dustin and Steve won't die, let him come here with me",2025-12-16T06:22:43Z,23
positive,UgwtG7hViLuWR3-orUd4AaABAg,@savannahbanana7421,Can't wait,2025-12-15T16:47:21Z,1
positive,UgzD-G8scZ8C5LKD_qh4AaABAg,@vlogsandetc,HOLLY MAX NANCY AND EL ARE GOING TO SMOKE EVERYONE I FEEL IT,2025-12-15T22:58:27Z,1
positive,Ugwog5BI00mdosOUSS14AaABAg,@ContaMinha-t8c,AAAAAAAAAAAAAAAAA AAAAAAAAAAAAAAAAA AAAAAAAAAAAAAAAAA AAAAAAAAAAAAAAAAA AAAAAAAAAAAAAAAAA AAAAAAAAAAAAAAAAA AAAAAAAAAAAAAAAAA,2025-12-15T14:21:11Z,0
positive,UgxZK1g_b0TzLkUapOF4AaABAg,@JakeDodgehey,Peak show,2025-12-15T14:42:07Z,0
positive,UgyTiQo0qPm7wZyewDd4AaABAg,@ambersaintjoy4821,I'm ready but I'm also not ready at all,2025-12-15T14:40:53Z,0
positive,UgwMNTbxp33KWSJKasp4AaABAg,@ReezeGoingSenseless,"Trailer for Season 5, second half, first quarter, second trimester final bit. I remember when stuff came out and that was it.",2025-12-16T16:05:47Z,0
positive,UgwVVIXj3-C5i0SgyGh4AaABAg,@Gowthamat7,Blasttt🔥🔥🔥,2025-12-15T17:38:52Z,1
positive,Ugy27BO0rL6aTYdEmRh4AaABAg,@pkmplayer642,1:19 thats definitely dart,2025-12-15T15:30:17Z,0
neutral,Ugy7KfEwJK1Tt39tlCt4AaABAg,@averystroh5244,NO ROBIN GFFFFFFF NOOOOO,2025-12-15T15:21:27Z,0
neutral,UgxlV8eracz36aOT1BB4AaABAg,@andquanto5546,0:50  u still alive?!,2025-12-25T00:16:27Z,0
positive,UgzaShd4h4Hj6eHeY8J4AaABAg,@AlphaYT077,Goosebumps,2025-12-15T21:24:00Z,0
positive,UgzOVqEqn-EpCbyjmbh4AaABAg,@zeymaybe,Wdym upside down is what we think it is??,2025-12-15T15:27:56Z,0
positive,UgyfqOf_I5KKs3hcDRJ4AaABAg,@Ayman.Mohamed-11,1:36 THE DUO IS BACK !,2025-12-15T13:53:23Z,1
positive,Ugwg-i3CFaads7-ZjhZ4AaABAg,@Olivia-cp2jg,This is it guys,2025-12-15T23:54:46Z,0
neutral,UgzKYUkBAXZBV9uBw9J4AaABAg,@SuperstarKubz,Under 1 hour 🎉🎉,2025-12-15T14:26:38Z,0
neutral,Ugw18srRi-xt6xq6N4d4AaABAg,@davidwilliammalo,"“You die, I die” sorry what 😃",2025-12-15T15:01:01Z,0
neutral,UgxSnu_eDpsVM_x58gJ4AaABAg,@mayatysvr,EL❤,2025-12-15T14:18:01Z,1
positive,Ugx6XdF49EYK13qFSnR4AaABAg,@RichardJolly-q7p,I can’t wait for this to come out volume two,2025-12-15T15:50:20Z,0
neutral,UgySppiLT2cS7zLIri54AaABAg,@okipullup__ya,yeah steve is cooked,2025-12-15T17:00:10Z,0
positive,UgwgM6oVdqI_d_uExyl4AaABAg,@Aserxeditz7,CANT WAIT,2025-12-16T08:13:41Z,0
positive,Ugwmi5yz-gDXQAaH0R54AaABAg,@momokurdish838,Please release it right now don’t put it off for 10 days.,2025-12-15T14:10:10Z,0
positive,UgzOtWo2TVf0n6zxZwh4AaABAg,@PeterIzquierdo-n3g5u,peak,2025-12-17T01:09:55Z,1
positive,UgyBtHbv2TxEtZNdmUV4AaABAg,@Absolscoot,PEEEEEAK,2025-12-16T15:48:19Z,0
neutral,UgwscH1HbG8amb7e-ft4AaABAg,@Digital_Dynamite,Pls no Derek dying,2025-12-23T18:55:45Z,0
negative,UgwgtjocUcwagbH--sp4AaABAg,@BlackStarASMR,"Hiding a weak story behind special effects and Marvel superheroes won't save Stranger Things.
I miss season 1 vibes.",2025-12-15T15:48:49Z,0
neutral,UgwnPLTdElVIiR07xi54AaABAg,@cool4ever329,"Dustin seems to be hugging someone in denim and Steve was not wearing denim, so maybe one of the og kids, Mike when they reunite in the upside down",2025-12-15T17:31:52Z,0
neutral,UgxFta11-qW8v7Ts11Z4AaABAg,@aswinachu78,Don’t you dare to die,2025-12-15T18:58:22Z,0
positive,UgyrrHoGsJ8nvW6e9iJ4AaABAg,@rajnirajni3187,I'm Waiting For Vol 2 @ Stranger Things💀🌟😵🥳😵😵👰💗💗,2025-12-16T03:51:14Z,1
positive,UgwawNwCi-UvG59DMCl4AaABAg,@thisisneti,Epic!,2025-12-15T16:11:10Z,0
neutral,UgwQOuUIMyUQrzVTD-F4AaABAg,@ゲTattyゲ,W,2025-12-17T12:32:35Z,0
neutral,UgzFTRhloPP-6UiQQPh4AaABAg,@roberto-qy2ys,Se ve de la vecna,2025-12-16T19:51:31Z,0
neutral,UgyeFqsEPuFNKAUwKR54AaABAg,@monstergaming5668,"You both  die ,i die",2025-12-19T12:14:06Z,1
neutral,UgwlkOx0Owhp6JvrSEZ4AaABAg,@Gubgubbyboy,"37 minutes ago is insane, this entire thing is insane, what!?",2025-12-15T14:19:32Z,0
neutral,Ugyuk-9L5Cp-f2gIp0B4AaABAg,@NemesisVR19,Yo,2025-12-15T17:23:41Z,0
neutral,Ugz-tCuFj3S1LeDSCG14AaABAg,@ErikaRenee89,"YOU DIE, I DIE. i WILL RIOT IN THE STREETS OMG",2025-12-15T15:19:22Z,0
neutral,UgwexDBrCGNRHVYTTCd4AaABAg,@paghilumdihauy,hellllooooooooo early commenters,2025-12-15T13:43:58Z,0
neutral,UgyiT9JO6dR24gxdpyB4AaABAg,@Dinosaur_Ducky,AHHHHHHH,2025-12-16T00:08:32Z,0
positive,UgxO9JLJy9MXfRO_4zB4AaABAg,@kunalgautam8949,"The favorite ""You die I die"" duo giving me chills",2025-12-15T16:30:14Z,1
neutral,Ugwac9k6bGKGWRK2fB94AaABAg,@THATONEGUY-r2p-b8n,I was kinda hoping to see a byler moment 😭,2025-12-15T15:54:00Z,1
positive,UgymInrjA3mXvxfF8Tp4AaABAg,@PacificSeedBankseeds,This trailer just shattered my brain 😵‍💫 Can’t wait to see the gang back in Hawkins! 🍿👀,2025-12-16T21:41:13Z,0
neutral,UgwOYpi2_-WxsdY3KxV4AaABAg,@ahahkys,Nancy is definitely who she thinks she is,2025-12-17T13:15:16Z,1
positiive,Ugw3HPTUINGlh4ZNgAN4AaABAg,@Yesjad,I never regret watching this show,2025-12-15T19:00:13Z,0
positive,UgzZctlPEA57q1cU4FB4AaABAg,@iamdjm_66,So good,2025-12-22T05:06:35Z,1
neutral,UgzoHf9DeEuGbIP3GzF4AaABAg,@RisanthNalla,0:26 Anywhere door😅,2025-12-15T14:25:14Z,0
positive,UgzD2V8m3CT1uFEMhZl4AaABAg,@Mano_Aj,Goosebumps☺🥶,2025-12-15T14:09:32Z,0
neutral,Ugzgp-jQQf5eT3dyLTh4AaABAg,@Chawla001-i2r,Where's DELIGHTFUL DEREK??,2025-12-15T14:53:41Z,1
neutral,UgwD4ulzzOioi3RLmuh4AaABAg,@Chopinmybeloved,They're ALL so cooked guys😭😭😭😭,2025-12-15T14:10:39Z,0
neutral,UgxWTmqUP4Bw1HGEjnZ4AaABAg,@AlfieW1033,I’m worried about Robyn,2025-12-15T23:48:29Z,0
neutral,UgxowH12QPRSnwvg2wx4AaABAg,@Dynamitdreng307,imagine being the us army and being outdone by a group of 15 year olds.. over.. and over again..😭💔,2025-12-20T12:45:18Z,1
netural,UgzX0H-o-SV95jBDDmx4AaABAg,@CGNC,GET TED HIS BACON 🥓🥓🥓,2025-12-15T15:57:51Z,1
neutral,UgxbzFcCGYpeAoslsTh4AaABAg,@tubagida,that door in the middle of nowhere is a major The Dark Tower (SK) reference,2025-12-15T19:32:53Z,0
neutral,UgwLzkI_MmyNvPYwWdB4AaABAg,@pinky_kamath,What do u meannnnnnn u die i die😭,2025-12-16T10:38:49Z,0
neutral,UgwRDSyRkOOM55anQHF4AaABAg,@LesetjaShadung,Who did vecan bow to who,2025-12-16T04:05:17Z,0
neutral,UgybMa3QpXbuxTRjkVp4AaABAg,@nike5428,"@netflix
There should be cross over in the Netflix Universe with Stranger Things and Wednesday or even other series. That will be so cool.",2025-12-16T17:48:52Z,2
neutral,Ugyf5S95cgENOeNlKSN4AaABAg,@amazing_food-k7t,last ep Nancy die,2025-12-24T04:52:55Z,0
positive,UgxobFSQHxu_iPQAAn14AaABAg,@ABHIMANNUE_AP,Wohh peakk😭🔥,2025-12-15T17:06:49Z,0
netural,Ugy6zUiDoKji6cKgB9F4AaABAg,@jeremiahquintalla2919,Everyone dies just fyi,2025-12-16T14:39:52Z,0
neutral,Ugwa_36Y-7s_wO2POBd4AaABAg,@rajeshgohel9034,what if both dies?,2025-12-15T14:06:49Z,0
neutral,UgyqN5KXTMc8MjhCFY54AaABAg,@EkamDhillon-y5r,please release it fast i am dying to experience it 🤯😭,2025-12-15T14:25:42Z,0
neutral,UgzHW7y_k8BR6mitpNB4AaABAg,@ZeeChattha-h7m,1:41 Did non of y’all saw this. 🤯,2025-12-16T11:22:36Z,0
neutral,UgzOeoPVLP50i36yaLZ4AaABAg,@JonhBorn-p8x,Those who wanted to have also power Mike wheeler like eleven ❤,2025-12-17T02:01:46Z,0
neutral,UgzTKyPf3bIb8CpaF-54AaABAg,@aaronestrocio6764,"“You die, I die” 😢",2025-12-15T13:45:51Z,0
positive,UgwXgMUdgMmFC-jSjMN4AaABAg,@federico1989,how wonderful,2025-12-15T14:01:53Z,0
neutral,UgwK_FsT-aUru1foWLx4AaABAg,@Bharath.s_2701,0:26 anywhere door 🚪😂😂,2025-12-15T14:11:13Z,0
neutral,UgxrLldH6qseZ5YZz8R4AaABAg,@nemnogogoth,"""You die, I die""
YOU BETTER NOT TO DIE",2025-12-15T14:46:45Z,0
positive,Ugw3KYhmBoEU5OiDi8J4AaABAg,@peterkamondi3205,This is goin to be even PEAKER,2025-12-15T20:24:13Z,0
positive,Ugz5rw3QK2GHsiLAd7Z4AaABAg,@CamiTorres-v5i,Im sooooooo excited omagah❤,2025-12-16T02:23:41Z,0
positive,UgzpnQGz80dDGjfysSV4AaABAg,@Iconic.Mindset,Kinda sad this is the last season.. but also proud how far the show came🖤💯 I’m excited to see how it all comes together…,2025-12-15T17:11:12Z,2
positive,UgzqkgRCndRcWEqoGLN4AaABAg,@TheHalf-Blood_Prince74,Holly and Max’s dreamcore subplot is about to be fire,2025-12-15T23:11:12Z,0
negative,UgyMkT0S8N2dDHrRNPp4AaABAg,@VanHoering,That really was one season too much.,2025-12-16T02:14:16Z,0
positive,Ugz3WDdrDv-Wb6CKEGR4AaABAg,@RxR_Editzz,"""You Die I Die"" Steve and Dustin R so damn back 😭🛐 1:37 PLS DONT DIE 🙏",2025-12-15T14:17:18Z,0
positive,Ugyn3sISVRV0WZz9hmR4AaABAg,@Mona-f7h6e,MILEVEN ENDGAME OMGGG,2025-12-15T14:17:23Z,0
neutral,Ugxd7WeEzfBoMV8idcB4AaABAg,@R1CH3553,10 days to go (For where I live its 11 days at midnight),2025-12-15T14:25:19Z,0
negative,Ugza_umm8276OZu_0lB4AaABAg,@kalitavola332,Shut up @mareomadso,2025-12-15T23:39:10Z,0
neutral,UgxReVRiEWfr3WDrbgx4AaABAg,@adorbsxlemonshater,EARLY HOLY,2025-12-15T13:47:54Z,0
positive,Ugwfc6Gsg0XHWft1VpN4AaABAg,@vaggelis_kapesidis1734,First time i want christmas to come,2025-12-15T16:26:23Z,0
neutral,UgxNY2Su2HturskXFbR4AaABAg,@EvanProd33,No robins gf finna dieeee,2025-12-15T15:00:31Z,0
neutral,UgxadyFoXGUmIHT51-x4AaABAg,@mennakamel4168,This is so randomly dropped,2025-12-15T13:41:06Z,1
negative,Ugz0DSGLsbkYewojH2t4AaABAg,@RishikYadav-z2c,Why is there so less of rockin Robin in this😭,2025-12-15T22:17:13Z,0
positive,UgzEGgpn1TYVr0geq014AaABAg,@GerardoLuqueLumbreras,If got one word: CINEMA!,2025-12-21T14:23:40Z,3
positive,Ugx50BbXrTcx8lWuHFZ4AaABAg,@Vision-rt8el,"Oh my gosh, I can’t wait",2025-12-16T12:14:42Z,1
neutral,UgwkNQQKI8zE19z4-9p4AaABAg,@TheHomelander2099,"steve, dustin, vickie are dead",2025-12-15T14:38:24Z,0
neutral,Ugz9M9pWSQ3QuCWeKk54AaABAg,@wolliw_nosnah,I SWEAR IF STEVE AND DUSTIN DIE--,2025-12-16T04:09:24Z,0
neutral,Ugx04VovD8N34A2qZCV4AaABAg,@i.M.VJ...,"YOU DIE, I DIE 
NOOOOOO",2025-12-15T14:21:16Z,1
neutral,UgzVAedGjUdP6hpWs014AaABAg,@GurpreetKaur-ux9ug,"You die, I die. 
I always knew this was going to come back.
Don’t you dare die 😢",2025-12-16T05:19:12Z,1
neutral,Ugzeis8DLj75ySTSREp4AaABAg,@Sans_The_Skelo,Two hour gang here,2025-12-15T16:23:37Z,0
negative,Ugzv5qjQOjsmz0weC8p4AaABAg,@MarinasMissing,Only thing I know is if Will dies I will sue the Duffers😭 (joking btw),2025-12-15T19:19:40Z,0
positive,UgxN3kZ5ul9LyGcAUbN4AaABAg,@mysticgamer7532,Peak Things incoming 🥶,2025-12-15T14:23:49Z,0
positive,UgxS1lnAeiA39_5RnqF4AaABAg,@CattHorrorST,"First off, Nancy finally shooting some bitches with her AR-15 blick blick
Second off, I'm so happy Dustin and Steve are getting along one step at a time, I love their relationship so much❤",2025-12-17T06:11:40Z,0
neutral,UgyFPPIS1Hw9EvtF5c54AaABAg,@tabithaimmanuel5895,"Guys, did anyone else notice that Steve and Dustin are together in the upside down scenes but then Dustin is with Robin, Lucas and Noah in the truck… I really hope this doesn’t mean that Steve didn’t make it😢",2025-12-16T05:51:33Z,0
neutral,UgyyM8YKqgd45lMLVPx4AaABAg,@muhlaynee,Again...where is Erica?,2025-12-15T16:10:53Z,0
positive,UgzSCppIyGA7RVkYBD54AaABAg,@affindrapinong2468,"from supernatural, mystery, thriller turn to action, adventure",2025-12-15T17:15:21Z,0
neutral,Ugz0_zDVMwgX5i9tfih4AaABAg,@kevinyang4842,"If Steve and Dustin die, we all die !!!",2025-12-16T20:01:29Z,0
neutral,UgySA9t1i9EdG0x5M-t4AaABAg,@saranshalu9589,Got chills while watching the trailer,2025-12-16T00:50:53Z,0
neutral,UgzCuwkjWP1PggxLORd4AaABAg,@takeonthiss,"“You die, I die.”
I'll die too 😭😭",2025-12-15T17:01:54Z,0
negative,UgyP5EXJhdmaCWjb1Vd4AaABAg,@evadavila7885,"Wtf do you mean “ you die, I die “. WTF😱",2025-12-15T17:13:21Z,0
positive,UgybxMd6aVGAewQ3oHd4AaABAg,@Rockel97,"When I saw the trailer pop up on my feed, I was hoping it wasn’t another fake trailer like the rest of them. Excited to see the rest of the season!",2025-12-17T03:23:46Z,0
neutral,UgwvR8lcLV72IOp9FQF4AaABAg,@boogie349-y3p,BRO I JUST WATCHED A FAKE ONE!!!!,2025-12-15T15:11:17Z,0
positive,UgzAseReFMSyTAPng8B4AaABAg,@laurix303,STEVE AND DUSTIN FRIENDSHIP IS BACKKKKK!!!!!!!!!!,2025-12-15T19:18:46Z,1
positive,Ugxegtg3Pf1wmfjtsad4AaABAg,@Trees-l1q,I CAN’T WAIT FOR THE RIGHTSIDE UP🤩🤩,2025-12-15T14:56:33Z,0
positive,UgwmjexH2jsqbB8m6_p4AaABAg,@MarekTowarek-i6p,hell yeah,2025-12-17T13:22:36Z,0
neutral,Ugy2TPgDpZti7DDYXH94AaABAg,@Kamalesh07-kv4ed,Steve ku mattum ethachum aachi avalo thaan netflix ey,2025-12-15T14:34:36Z,0
positive,UgwNtT7YQUQa11cES3d4AaABAg,@Legendu85900,I don't regret spending my pocket money for Netflix,2025-12-15T14:32:37Z,1
negative,UgymiNpPqz_tBckRp-N4AaABAg,@Fathima_23N,This is more than predictions...🤯.not getting any clue...can't understand anything🙂...anyway waiting for 26th December😌📈,2025-12-15T14:19:06Z,2
neutral,UgxdIoLFoXPRL7nRGGF4AaABAg,@TABASSUMKHAN-d3g,"I you die , i die 😭",2025-12-15T15:27:18Z,0
neutral,UgzV5rgfELcWcNJL0O14AaABAg,@Maylo-ue8gg,I SOBBED AT YOU DIE I DIE,2025-12-16T05:53:53Z,0
positive,UgxFPcekTPLSyd4NR3t4AaABAg,@Brody-h1k,"Looks like the best duo the world 🌎 has ever seen is back , Steve and dusty bun!!!🥳🥳",2025-12-15T20:41:27Z,0
neutral,Ugyg_st9SD0wrWEOHDt4AaABAg,@closhotffx,Release date?,2025-12-16T05:28:36Z,0
neutral,Ugxy9aAwaarpc9xabYx4AaABAg,@transportvidsni,"If Steve dies, I'll cry
If Dustin dies, emotion will hit twice as hard as Steve's death
If both Steve and Dustin die, I'll go into a full depression for like 5 months",2025-12-23T17:16:47Z,0
positive,Ugzl_W8yrHjj2-BQKO14AaABAg,@AMW.,We're in the endgame now ty shiiiiii,2025-12-15T20:01:02Z,0
neutral,Ugyw3H-aonzoJwqbr2R4AaABAg,@an.8914,Das sieht heftig aus 😱,2025-12-15T15:55:44Z,0
neutral,Ugy9jZrw-jf7n_ZTWNN4AaABAg,@Lucifer-m1w,It feels like the last episode 😮,2025-12-16T20:20:03Z,0
neutral,UgzNAa27xDBJvg22_xB4AaABAg,@braelynsayre,you die i die NO???,2025-12-15T20:39:28Z,0
neutral,UgwPLu41qwHDLmivDOJ4AaABAg,@Haslogyindiaofficial,"You die, I die....",2025-12-15T17:47:23Z,0
neutral,UgybbyECgurbWmX39XR4AaABAg,@muneeb4723-e3c,Boom 💥,2025-12-16T01:39:17Z,0
neutral,UgwmQHPamEJ71TZ7YbR4AaABAg,@jto541,Before S5 I thought Dustin was without a doubt one of the few characters who was safe. I have since become increasingly concerned for his welfare,2025-12-16T06:20:09Z,0
positive,UgxPYAzWH6pxvaRsSfl4AaABAg,@EvienneRoblox,YESS DUSTIN AND STEVE ARE SO BACK,2025-12-15T14:51:06Z,0
neutral,UgzgMULzr8w0pAwPFxp4AaABAg,@AJS_2009,"Wtf do u mean by ""You die I die"". 
Neither of u are dying 😭",2025-12-15T16:52:40Z,1
neutral,UgxErC8_AvzDZKXpGx94AaABAg,@yutakasano6374,delightful derek boutta solo vecna,2025-12-15T14:54:07Z,0
neutral,UgyrpJ-e5wbNInctAVp4AaABAg,@injusticecuberwasi2964,"You die, i die? 😭😭",2025-12-15T14:13:31Z,0
neutral,Ugy9njjpPbVkvEKF9p54AaABAg,@KialsWorld4233,I bet the thing will painted on the barn door is the rib cage to the monster Nancy saw in the vision in season 4. During the table read the Duffers referred to it as a rib cage like thing,2025-12-16T00:15:36Z,0
positive,UgwZtnRRzOPZmPfl53B4AaABAg,@_jonkent,absolute Cinema on my TV! Cannot wait!!!!,2025-12-15T14:32:59Z,0
neutral,UgxInyzGlsb_a_s6MfJ4AaABAg,@pirounomaxairis,"""You die I die""

Plzz NOOO",2025-12-15T13:46:00Z,0
neutral,UgzzPh8sQl6xf7doFAZ4AaABAg,@brianj436,"No dustin dont say that, thats gay",2025-12-15T19:12:47Z,0
positive,UgyQap6H9O50iWsib654AaABAg,@EyeOfTheTigerUDontKnow,5more days Strangers,2025-12-20T07:57:01Z,1
positive,UgwKKhPAophQ33meE614AaABAg,@FOREZStudios,"This not even looks like a New Volume, Its a Brand New Season! DANGGGG",2025-12-15T15:46:44Z,0
neutral,UgyOr5WPix7vgHT1GYV4AaABAg,@ateriontoremourne1869,"Well, folks... this is going to get ugly.",2025-12-15T14:10:18Z,0
neutral,UgwXhNLQgbcZ12z6Jkt4AaABAg,@thesorcerersscroll,So Murrie is going to die....!!!!!!,2025-12-15T18:02:59Z,0
neutral,Ugxwm7jRFpquBazxlnZ4AaABAg,@Daniellezek,Protejam o Steve e o Dustin 🥹🥹🥹🥹🥹,2025-12-15T14:19:21Z,0
neutral,Ugz9hfUDmL6EiDMWtcx4AaABAg,@sriyogaathmanathan929,1:19 😭 vecna's transformations,2025-12-15T15:17:41Z,0
neutral,UgxXpqgC2cr02oDxQcJ4AaABAg,@sabri_yt_priv3155,watched it on tiktok after 27 minutes,2025-12-15T16:09:58Z,0
neutral,UgwpfWXGEZbfrc8gS314AaABAg,@yuvraju2003,I am imaging vecna.. dkci😅,2025-12-17T19:55:18Z,0
positive,UgyaibxR0YDuZRv4Ds14AaABAg,@Galaxyguy12320,OMG FINALLY🎉🎉🎉,2025-12-15T15:40:27Z,0
positive,UgzzpHx477-qv4PCdo14AaABAg,@litotales,Avengers Assembled,2025-12-15T15:05:05Z,0
neutral,UgwTHroO2d1yqvFmbVF4AaABAg,@DoughyDewey,OK OBSCURUS,2025-12-15T14:43:16Z,0
neutral,UgxazF11OFQZ97qBinV4AaABAg,@A.S_ButterMan,MURRAY IS ALIVE,2025-12-15T21:15:29Z,0
neutral,UgzUfTRGGG5l5iPjjqt4AaABAg,@Arwaaz_Aryan007,The last 💀,2025-12-24T12:34:29Z,0
neutral,UgyzS1E9KqKOXydYGEF4AaABAg,@Meenuvlogs-2000,"Steve: you die, I die
Dustin: you die, I die
Us: Both of you don't die!!!",2025-12-15T16:13:13Z,1
positive,Ugzd4NYXWkcTBMWb6oh4AaABAg,@Aditya3705c,Less goo,2025-12-15T14:31:59Z,0
neutral,UgzDjaUCm97dXTqZlvJ4AaABAg,@Sololev_Live,Pin me netflix please i love u,2025-12-15T13:40:55Z,0
neutral,UgyWCaYv9qw--DHVNOJ4AaABAg,@adnil61,UPSIDE DOWN N SIDE OUT 😮😮😮,2025-12-15T13:49:24Z,1
neutral,Ugw1oj6jNyx_CmFz5GV4AaABAg,@jayantioraon615,"""you die, I die"" 
BRO WHAT DO YOU MEAN",2025-12-15T14:21:34Z,0
neutral,UgzbUxFF7KoesCi2wN14AaABAg,@thetechnocrack,DONT DIE,2025-12-15T15:27:37Z,0
neutral,Ugw5BpzhmnbmtDDYb_d4AaABAg,@yourfavpersuasion9385,What do you meannnnn you die i die!!??  If either dies i am flipping tables in the house!!,2025-12-15T19:21:27Z,0
positive,Ugxuy8khKO0Hqgkt0EV4AaABAg,@JarreauPunt,IM SO EXCIED!!!!,2025-12-15T21:02:23Z,0
positive,UgzyEoTW4e7SIVG7BY54AaABAg,@kristeenrouselle,I have never wanted christmas more,2025-12-16T01:39:51Z,0
neutral,UgxEJvb7pHzIrxBImS54AaABAg,@sadanand200,I am only interested in how a will's power overtaken everyone's...,2025-12-18T13:30:18Z,0
positive,Ugw0NFO9nCRS_Vvba394AaABAg,@aarnapatel1864,the fact that el just has so much aura,2025-12-15T14:59:43Z,0
neutral,UgxZI3Eifz49Rmqo39h4AaABAg,@0omatthewo0,"the ending better be the group all grown up and stuff and Dustin is shown to be a lead scientis.
 they zoom out of his office and show its the hawkin labs building and the sign on the building says ''SCP''",2025-12-24T00:30:54Z,1
neutral,Ugw11-4M05-MTmAjOUF4AaABAg,@shelbeepollino9008,"Where. Is. Suzie?! The team *needs* that little genius from Utah to jump in Argyle’s van (because we all know he and Eden are shacked up in Salt Lake together) and head to Indiana. Help them out, Suzie!",2025-12-15T16:33:22Z,2
neutral,UgysW1oqaVUe3qkORwp4AaABAg,@er-my-oh-knee1897,Guys I think Hopper is not sacrificing himself this time after all.,2025-12-16T05:18:04Z,2
neutral,UgwFlNVggYYOIS2DIVV4AaABAg,@luhzuhyt,BRO I SWEAR IF STEVE DIES😭😭,2025-12-17T11:47:57Z,1
neutral,UgzC3FpmwkT-Bqzlogx4AaABAg,@kh-xm6om,At the new years eve party where everybody is watching stranger things thru their phones. Clock strikes midnight some idiot starts to yell happy new.... Then you hear shaddup we're trying to watch stranger things thru our phones.,2025-12-17T20:12:48Z,1
neutral,Ugx4u1g-rrOs-x4AJ8t4AaABAg,@ishmeetsingh4103,Can't believe all this in 3 episodes 😳,2025-12-15T13:43:23Z,0
negative,UgyEB64G88sDCBo2kc14AaABAg,@Nutshell_John,meh,2025-12-15T14:08:27Z,0
neutral,UgyknGuH9k77GUGvQbZ4AaABAg,@SomeBasedDude,"""You die I die""
""You die I die""
Well now they both have to die to make it truly poetic",2025-12-17T02:14:03Z,0
neutral,UgyA6xCqWmUBCd7UWvd4AaABAg,@MaxStrain-mt6hi,The trailer here is slightly different on netflix itself as the shot of eleven with the headphones is two different shots edited together on netflix but on YouTube its only one longer one. Interesting,2025-12-15T20:29:54Z,1
negative,UgzU01XOPhaovU6J9al4AaABAg,@joaquinvaleri7022,This is horrible,2025-12-17T19:34:52Z,0
positive,UgzRCi4R6IZIXnrLrdR4AaABAg,@alyzzxswayz,OH MY GOSH I CANT WAIT!!!!!!,2025-12-15T16:09:30Z,0
neutral,UgysLTVMoD1VvEPpyJd4AaABAg,@zaveriyakhan9563,"YOU DIE , I DIE!!",2025-12-15T13:47:30Z,1
neutral,UgxUoRvnPrnxcaYoINl4AaABAg,@dumbgreenbean,VICKIE NO!,2025-12-17T16:07:44Z,0
neutral,UgwLt0Oa0Em1FAYGbnF4AaABAg,@jeonglixera,"ok, pero donde esta byler",2025-12-15T19:29:25Z,0
neutral,Ugxt9SrcV_YxMFB5sw94AaABAg,@user-wd3jx9rl8p,"""You die, I die.""

If they die, I die.",2025-12-15T13:58:10Z,0
positive,Ugwbkr2ZmxCE7YKyjyN4AaABAg,@erwinl.8152,One of my favorite bits of character development in this whole story has been that everyone just agrees that Nancy is the gun expert. Seeing her in full on permed commando fighting Linda Hamilton is sweeeeeeet,2025-12-15T17:33:41Z,3
neutral,Ugz5qcssVyImOZd5u6p4AaABAg,@NinjaTurtleConner,The way Dustin and Steve said if you die I did and Dustin saying you die I die make me think something bad is going to happen to one of them,2025-12-15T22:37:13Z,0
positive,UgwbdIdfi0BUxPZU4op4AaABAg,@EditVortexFX,It’s good to know that Steve and Dustin are back in good terms,2025-12-15T21:16:31Z,0
positive,Ugz_qqpzsLJg9lK5rWh4AaABAg,@pirate.613,"You die, I die.....
Iconic",2025-12-15T17:21:31Z,0
neutral,UgzbCva_LnTuz_c6Y9R4AaABAg,@positve10000aura,if one of them dies then the duffer brothers die,2025-12-16T13:51:19Z,0
positive,UgwrrQ359qt3jXZvKlZ4AaABAg,@IAmJetski710,Over 2 million views in four hours is insane,2025-12-15T18:00:11Z,0
positive,UgzSYa0tUCLb5P2hA0d4AaABAg,@muthuayyanar857,I'm Veryyyyyyy Excited To Season 05 Volume 2 ❤❤❤,2025-12-15T14:05:52Z,0
negative,UgwgPktM5Kx48pmnBpp4AaABAg,@seolarsims,Dustin and Steve are cooked,2025-12-15T17:09:34Z,0
neutral,UgyQKJ0dsPnBA5bktJZ4AaABAg,@SpeedyCODM,1:39 one of them are definitely gonna die 😭,2025-12-15T16:26:28Z,0
neutral,UgzH9oMsAgqe-HMePZx4AaABAg,@iamonmyvigilanteshitagain,oh boy... that eye is gone 00:07,2025-12-15T15:15:53Z,0
positive,UgzLaquWtFszFUgZR1h4AaABAg,@kavieos,OH DAWWGGGGGG,2025-12-15T13:44:42Z,0
neutral,UgwaSBBRwT6SYermXJZ4AaABAg,@s_mai8970,I want Joe's End of Beginning to play but not at THAT cost..,2025-12-16T13:52:21Z,0
neutral,Ugz6Ok_zC1XvAgAnGhZ4AaABAg,@chrisiggychan,1:13 looks like an unfinished shot😭,2025-12-18T10:39:35Z,0
positive,UgwvkU0rq1BsKv1XKv54AaABAg,@your_highness01,Goted,2025-12-16T04:46:02Z,0
positive,Ugyeyw_CRvsoVhzlfjl4AaABAg,@jiminpov,OH MY GOD,2025-12-15T16:26:46Z,0
neutral,UgzsfA-u6Q5COe-HaJ14AaABAg,@Ariamakessubs,"YOU DIE , I DIE?!!! NONE YOU YOU DYING PLEASE!",2025-12-15T14:06:38Z,0
neutral,Ugxhn7ELgueLbjCuwvB4AaABAg,@M4ntoon,Ima accept the fact that Steve and Dustin is cooked,2025-12-15T16:30:10Z,0
positive,UgxaaDWOyPo-P0vTcEN4AaABAg,@Tarantino171,PEAKKKKK,2025-12-15T14:39:32Z,0
neutral,UgzilN26ufHl6IP6F6B4AaABAg,@BuckyBarnesNC,"Shit not the you die, I die. I can’t lose my 2 favorites!!! My Steve Harrington Car Funko Pop with him comes tomorrow. Nope can’t lose him and Dustin! Nope!",2025-12-16T05:02:58Z,0
neutral,UgyfbpHdJ0zBdxssSWJ4AaABAg,@simpleVibeswithankira,Are u serious if you die we die,2025-12-16T07:39:26Z,0
positive,Ugz3JEIOcTWOAGq1OZN4AaABAg,@subbingtoeveryonethatsubst6920,Feels like my whole childhood ends with this…what a journey it’s been😢,2025-12-15T15:27:11Z,0
neutral,UgzKiNyDn6ipjCoAIbh4AaABAg,@piyush-c6o6l,"Fans want Steve to die heroically, but not like… actually die",2025-12-16T04:07:47Z,1
positive,Ugymnl_T_oZcIzTmgX94AaABAg,@Itzbry17gmd,this volume bouta be dope,2025-12-24T21:33:41Z,0
neutral,UgzSDdluapOP5gaQlbN4AaABAg,@AnsilMahin,don't die,2025-12-16T13:10:16Z,0
positive,Ugwr4kbtP9lVRZqTQ1p4AaABAg,@BlackStarASMR,"Season 1: A brillant unique story.
Season 5: Special effects and generic Marvel superheroes.",2025-12-15T14:49:51Z,0
neutral,UgxUVn2ssFyj_ui_V4h4AaABAg,@tabudivekar,"You die, I die!
Me: Me too😢",2025-12-15T17:46:08Z,0
positive,UgzQ3-C3Q_8zqncjtoV4AaABAg,@yeashizzo,Peak,2025-12-15T16:10:48Z,0
netural,Ugzhto0TnQEDys6LHph4AaABAg,@Dan-w1b,Seaosn 2 flashbacks. from hospital 😭 anyway.. if karen and ted are in the same hospital as max….. and demodogs are in there. yeah i dunno.,2025-12-24T18:38:59Z,1
neutral,Ugyyd04LTURD_hnds014AaABAg,@Boonatix,Damn Zombie Groot looks really pissed ^-^,2025-12-15T14:59:27Z,0
neutral,Ugy-tYAPs2_0XfPDJpR4AaABAg,@Demonflo2,Steve  don't die this is my request 🥲,2025-12-16T17:39:18Z,0
positive,UgwnQbGBz9QkzXOM7xN4AaABAg,@TheEclipse2977,"At 0:37, the clock behind El reads 7:31 and 7 + 3 + 1 = 11. Cool detail",2025-12-15T16:48:04Z,2
neutral,Ugy_DYhkHMyDaLLwijB4AaABAg,@CrowFlame404,I THOUGHT they were going ALL SOLDIER THIS SEASON!!!,2025-12-15T14:56:28Z,0
neutral,Ugx5f_EUDTf03dtv_E54AaABAg,@suffinlissdiaries,"if steve dies, im telling every child i see that santa isnt real",2025-12-20T04:32:30Z,0
neutral,Ugyl6h8tu3Im0AXr3a54AaABAg,@ISLAMICVIDEOS79,"اَللّٰهُمَّ صَلِّ عَلٰی مُحَمَّدٍ وَّعَلٰٓی اٰلِ مُحَمَّدٍ كَمَا صَلَّيْتَ عَلٰٓی اِبْرَاهِيْمَ وَعَلٰٓی اٰلِ اِبْرَاهِيْمَ اِنَّكَ حَمِيْدٌ مَّجِيْدٌ۔
اَللّٰهُمّ بَارِكْ عَلٰى مُحَمَّدٍ وَّعَلٰٓی اٰلِ مُحَمَّدٍ كَمَا بَارَكْتَ عَلٰٓی اِبْرَاهِيْمَ وَعَلٰٓی اٰلِ اِبْرَاهِيْمَ اِنَّكَ حَمِيْدٌ مَّجِيْدٌ۔",2025-12-17T04:00:07Z,1
positive,Ugw_10Wvw0J_kBfwicV4AaABAg,@MinhosWifeyyy,KALI IS BACK YESS,2025-12-17T17:04:05Z,0
neutral,UgzkfT9OB4JTqjsh7pR4AaABAg,@waunglong3132,“ you die I die “ 😢how about nobody dies 😂that’ll be better for my heart,2025-12-15T14:20:42Z,0
positive,UgwVI52CDNfRCO3wMxt4AaABAg,@hatefr33,"Let me guess, this supposed to be Netflix’s gift to everybody for Christmas and new years huh?

Well at least someone thought about me for the holidays 🥲🙏🏽",2025-12-16T17:01:48Z,0
negative,Ugyeuw1zWlBwrurY5DR4AaABAg,@avaryahbhardwaj2652,"“You die, I die” does this mean that either Steve or Dustin will die? They’re cooked",2025-12-15T17:36:09Z,0
neutral,UgzRmPDsCBaXeawxWJF4AaABAg,@deliveries_,Just put the fries in the bag and public it,2025-12-16T14:35:28Z,0
neutral,Ugx1_tNtFcVA2p5EnqV4AaABAg,@cow3oyvsgaming815,1.38 I can't make out who this is... It's a little tricky to catch on a pause. Whoever it is something definitely happens to them,2025-12-16T17:13:57Z,0
neutral,UgxlkWZ104lCzQFyXY94AaABAg,@mansichaudhary6029,WTF DID I JUST WATCHED,2025-12-15T14:28:23Z,1
neutral,UgxwWmifOI6RErAIlOB4AaABAg,@electred300llj3,🔥🔥🔥,2025-12-15T13:53:25Z,0
neutral,Ugxth7MALbjZCQdN2cx4AaABAg,@boo4961,"You die, i die

You die, i die

😢😢😢😢😢😢😢😢",2025-12-16T13:42:12Z,0
positive,UgyeIsPjTLLMpGWilXJ4AaABAg,@matthewgilliland6864,"I am so Hyped Now!!!

I don't even care about family, presents and all of the classic Christmas stuff.

I need it to be December 25th for Stranger Things.

We might have to change it to Stranger Things Day...",2025-12-17T22:15:04Z,0
neutral,UgwakOR6Ps2ObeoMiox4AaABAg,@DenjiKunn-vq9qe,Endgame,2025-12-15T15:37:53Z,0
positive,Ugzz0hwuT2yn1cpKRoJ4AaABAg,@artemisapollo9983,Wow. Netflix trailer team better be getting a fat Christmas bonus. They never miss,2025-12-15T17:17:21Z,225
neutral,UgzCzVYElPvsD6GVkJd4AaABAg,@SavageGirl-f9x,Jis jiska stranger things favorite hai like kro❤,2025-12-15T15:27:56Z,1
positive,UgwuimT4eeUL5NdKlAp4AaABAg,@Valmiki168,Stunning!,2025-12-15T15:33:07Z,0
neutral,Ugyfgg88P0KfiNaVaPx4AaABAg,@davidoestrado1818,El's the new airbender?,2025-12-25T01:36:20Z,0
positive,Ugz_V75f9PgQQ6wsesR4AaABAg,@ADIYUL_ALONSO,0:49 This part is truly awesome—absolutely thrilling. What an incredible trailer!!,2025-12-16T05:48:25Z,1
neutral,UgwF6Cyfi8dzAjqKmOV4AaABAg,@arcane__official,0:46 Getting DARK vibes.... Hope it ain't as complex as DARK,2025-12-16T06:39:45Z,0
neutral,UgwVUSvjt9ttQ3LAesJ4AaABAg,@PRitam-Roy74,I watched it in 0.25x,2025-12-16T03:27:00Z,0
neutral,Ugw36nhaG_sMc9NmS4F4AaABAg,@nobi7650,"You die 
I die",2025-12-15T14:32:24Z,0
positive,UgyLU6es5v4ZMNM1c414AaABAg,@bel_lin8834,This is going to be intense 😬 this show has me on edge!!!,2025-12-15T15:38:34Z,0
neutral,Ugwgd4gyuTuVSQc8gHh4AaABAg,@Mingasmr,Wait who is Dustin hugging im like slow,2025-12-15T21:22:24Z,0
neutral,Ugyh_Cp1SFUYe0EKsK54AaABAg,@Medicoman5,"Eleven ,her sister and will gonna rock this season with their power 
And vecna gonna get out of the world 😅😆💙",2025-12-16T15:06:35Z,0
neutral,UgzysOqA0Gg7S9IF7zR4AaABAg,@mihirpatil_,"Steve: you die, i die
Dustin: you die, i die
Audience: Duffer Brothers die",2025-12-16T09:28:39Z,1
neutral,UgwdxPtRsx0Paqzk5Ad4AaABAg,@abbynew4188,"""you die, I die""

THE SEASON 3 CALLBACK BUT AT WHAT COST THEY CAN'T DIE",2025-12-15T14:48:41Z,0
neutral,UgzU5OEqNZg1kgect4R4AaABAg,@lifedeather,0:41 when you discover the girl you kidnapped ran away,2025-12-15T20:08:12Z,0
positive,UgyDJHvRCIp-dAfGJMl4AaABAg,@getzubair91,No doubt The Greatest Shown on Earth 🎉,2025-12-16T12:53:05Z,0
neutral,UgzV4eyN6qqJJgcRRqJ4AaABAg,@martak1478,"The line If you die I die somehow reminds me of famous Titanic line If you jump I jump, which means that they are both willing to sacrifice for each other.",2025-12-16T20:20:35Z,4
neutral,Ugyhu4o0wjqzKG1RbER4AaABAg,@EstebanSmidt,Did anyone else noticed the Stephen King reference?,2025-12-16T23:59:46Z,0
positive,UgwjeVdaS47D3Ab_Qzp4AaABAg,@drgirlfriend211,Damn Nancy with her guns…..I’m so here for her constant badassery💪🏽💪🏽💪🏽💪🏽💪🏽,2025-12-16T01:41:06Z,3
neutral,UgwYQMzxqQqFbB0diWJ4AaABAg,@NickJones-b4p,"Something unbelievable is going to happen for sure and still praying for safety of Steve and Dustin.

""YOU DIE, I DIE"" 😢 💔",2025-12-15T14:07:11Z,1
neutral,Ugz6Hl2uG8Qa9nWT8-Z4AaABAg,@HANAA___1-f1e,Does vecna had a glowup again🤔,2025-12-15T13:58:37Z,0
negative,UgzNWizpORp56Xol9Ap4AaABAg,@nerakeemia,The most annoying release schedule smh,2025-12-16T02:25:00Z,0
negative,UgzdCIHbg4Bzy5v46Gd4AaABAg,@Satoru-y7w,Where tf is the second trailer,2025-12-22T08:50:45Z,0
positive,UgyE2FsiTAEf8nlNqZx4AaABAg,@Dandy-h1m,The videos was so good,2025-12-26T08:52:21Z,0
positive,Ugy1jeQlQoixJjDWvBx4AaABAg,@gaiamorgosi7181,"Can I just say that the Steve/Dustin relationship is one of the best (or the best even) soulmate relationship without any need for romantic involvement in a looooong time? Those two are incredibly bro-coded and portray a wonderful dynamic between the two of them, they show that pure love comes in all forms and from unexpected ways. That being said, Netflix, if you dare killing either of them, I am unsubscribing from the platform.",2025-12-15T15:42:21Z,2
neutral,UgxM3OsMuW5Wrm0O-AB4AaABAg,@chanchalmasih8447,1:05 is vickie going to die ?? Poor robin😢😢😢,2025-12-15T17:51:07Z,0
neutral,UgzZtJm0sJzdA35qA254AaABAg,@nothingmatter-eyo,Let's see vecna is not what we are told he is.,2025-12-16T05:26:56Z,0
positive,UgwgXV6DVrexPD1G9iR4AaABAg,@AryanNarula,this trailer is epic! volume 2 gonna be crazy. 🤯❤️,2025-12-16T04:12:52Z,0
neutral,Ugz7U18UBW5pr52swJN4AaABAg,@RakhalVibe,Spoiler - Steve Won't Die (Wait & Watch),2025-12-15T15:14:07Z,0
neutral,UgwSDlE-PJFItSW3f954AaABAg,@annev5932,Will Justin or Steve die? Noooooooo 😢,2025-12-16T14:32:00Z,0
positive,UgwH-8rB96GgZn7yypR4AaABAg,@ajithraj294,El is something cooked on at peak 🥵,2025-12-15T16:41:36Z,0
neutral,UgzTe61bHhtyPOBpPl54AaABAg,@ImMagiYT,10 years sense it started and 10 days till is ends.,2025-12-15T16:41:54Z,1
neutral,UgyIleXT7jtBMq5Bzb14AaABAg,@semiheren_1903,👌👌👌👌👌,2025-12-15T18:03:38Z,0
neutral,Ugzq9EjlT9oNRRSCi214AaABAg,@gagansingh-i8w,"I AM LITRALLY STEAVE HARINGTON IN MY SCHOOL,I POOP ON MY TEACHERS FACE HEHEEE",2025-12-15T13:58:15Z,0
neutral,Ugzb-BJmMEp_VjsbUxN4AaABAg,@antimczenko,"I don't like how Dustin becomes the lone wolf... Not a good sign, at all...",2025-12-16T12:33:51Z,0
neutral,Ugzphz6qcZl07YoH9zp4AaABAg,@patricioflota5358,Pennywise patrona de Vecna 👁️👄👁️,2025-12-15T14:07:27Z,0
neutral,UgwIIqWMHGoj5yVwXOt4AaABAg,@TraytonHess,I hope the finale season going open up intense or good.👍💯,2025-12-15T15:11:54Z,0
neutral,UgxHeZ6NAxafG60Yp_14AaABAg,@brandonsantiago2298,So I guess when Vecna said to Will “you’re going to help me one last time” it was all fake.,2025-12-21T17:18:00Z,0
neutral,UgzL4U07ZQ6O_szP11l4AaABAg,@KayKessler-cy2zl,Kali 🔥,2025-12-16T08:13:45Z,1
neutral,Ugw_VVAcLXOiaDF5B_F4AaABAg,@HomeCinemaCafe,1:23 holly run where is max 😢,2025-12-15T13:54:10Z,0
neutral,UgzsXzLDMuG0gepH6Kt4AaABAg,@EmilioScary13,10 DAYS,2025-12-15T15:13:17Z,0
neutral,UgwzREvPKR8EZBjGwDZ4AaABAg,@OPmusicoffical,My mom will have to drag me kicking and screaming to the christmas dinner after i watch steve sacrifice himself for dustin 😔,2025-12-15T16:30:31Z,0
positive,UgyMOFzD81jlCPS0H994AaABAg,@metro9667,Yeeeeeees,2025-12-15T15:23:50Z,0
neutral,UgxJZwbzu0y73ja0Fux4AaABAg,@Bennybo_BOSS,"“You die, I die”
OH HELL NAH",2025-12-15T14:37:12Z,1
neutral,UgyKRG1lEOkf8NJss1d4AaABAg,@Banish_4_Cost,Love how little kids are going up against trained military soldiers 🤦🏻‍♂️,2025-12-17T04:38:35Z,0
positive,UgxFK5mXW9iuCmTtONJ4AaABAg,@vinousrose,Murray is the GOAT,2025-12-15T13:44:54Z,3
positive,Ugw4yQQn-aFP6aBC4QZ4AaABAg,@Sitckmanzux,"Best scenes in stranger things.
0:10 Up,side,down are sync to the scenes.
0:19 The squads standing from the Hawkins lab.
0:23 Max and Holly trying to escape from Henry mind.
0:30 Holy mother of god...
0:37 The Sister Duo.
0:48 IT'S SHOWTIME BABY!
0:53 GET'EM NANCY
1:06 GIVE BRO HIS FAVORITE MUSIC BRO.
1:06 RECURRENT PLS MAX.
1:25 U make Vecna upset rn 
1:36 NOT THE ""you die, I die"" LINE FROM SEASON 3.
1:45 Get'em y'all.",2025-12-16T13:31:54Z,1
negative,UgzoJfe2-BVTjeZhIBV4AaABAg,@nelk44,"""you die, i die"" how about no!",2025-12-15T14:36:26Z,1
neutral,Ugw1xwm67cxuWbSUYEh4AaABAg,@grqcehoran.,uh oh the rest of my comments teleported,2025-12-16T01:45:50Z,0
neutral,UgzI1GN22w-A1M9bFG54AaABAg,@GustavoLopes-yn2bk,They die the duffers die😂,2025-12-15T17:22:49Z,0
neutral,UgyNKzRsRZSvTStf58F4AaABAg,@MANGO.AUR4,Prediction Steve and Dustin say you die in die one of them or both of them are gonna die,2025-12-17T00:18:13Z,2
positive,Ugyy_Oq3xoWY34DMP0B4AaABAg,@aiboy131,Stranger things season 5 will not let me pass my exams 😭,2025-12-15T14:21:37Z,0
positive,UgxmzYplFKe6uJ3Msn94AaABAg,@dbwarriorog,HATS OFF TO THOSE WHO WATCHED IT IN LESS THAN 5 HOURS 🙏🙏🙏,2025-12-15T16:09:43Z,0
positive,UgwLHLJj8v-gc5HrJbB4AaABAg,@raykincaid684,Man I bet Diana Ross got cut a BIG check,2025-12-16T00:10:55Z,0
negative,Ugwd0bqtEWo9g40DXDF4AaABAg,@TrevorCopes-r8o,Shits going to be a total flop watch there is just to much to explain and explore Inna very limited amount of time that we have. For it to feel satisfying and wrapped up Inna bow. to many topics to unravel and explain.,2025-12-16T02:19:10Z,1
neutral,UgxVAkT_lva8Tr6gzRd4AaABAg,@ImHereFastPerson,"I dont want Steve to die, but out of all the characters in the show he’s literally the only death that makes sense bc of his character arc. If anyone else died I wouldn’t care. If he does die he better have a death worthy of remembrance and he better die fighting vecna",2025-12-15T23:21:37Z,1
neutral,Ugw4ZsGSiNZQWNrs8eR4AaABAg,@darealpopcat,Btw Netflix the YouTuber of groovy Gavin saw your Hawkins lab set early,2025-12-16T11:42:05Z,0
neutral,UgzgXUc2uEvEHbjE9_F4AaABAg,@YourAverageWolfFriend,"“You die, I die”
OR NO ONE DIES, AND NO ONE DIES🤬😱!!!!!!!!!!",2025-12-15T13:45:06Z,1
positive,UgwBVTi6ZHxeUrCuz1J4AaABAg,@raj_lakshmi_07,Yeahhhhhh.... Was waiting for thiss trailer every second 😭,2025-12-15T14:58:02Z,0
neutral,UgwoRbN4eValG43V4Wp4AaABAg,@bkskai,NO NO NO????????,2025-12-15T19:31:25Z,0
neutral,Ugw1r70wchR4M7rPzad4AaABAg,@Effievescent06,"We can't lose Steve & Dustin. They're bros for life. Dustin gotta live, for Eddie.",2025-12-15T14:39:10Z,3
positive,UgxsRr9LYo9d3Wh3fmR4AaABAg,@user-pq8gu9xq8js,Guys one thing i am gone to say that dustin brothers are going to cook😮,2025-12-16T14:05:47Z,0
neutral,Ugz0QpuhYB9nztBkj6V4AaABAg,@ljshoreslokal,"Problem is, too few are dying, lets trim down this bloated cast!! Lets go!",2025-12-15T22:29:38Z,1
positive,UgyiB0gigp_qk91XE5l4AaABAg,@AsherintheMood,"""This whole time, everything we've ever assumed about the Upside Down has been, dead wrong"" THIS BOUTTA BE PEAKKK OR MAYBE EVEN A GREAT PLOT TWIST",2025-12-15T17:54:06Z,4071
negative,UgxPW6KXN15_ybGM68p4AaABAg,@xxmrkaizoo,"""You die i die "": Sound s  bad ending ;(",2025-12-16T01:16:19Z,0
neutral,UgyWM7dYmsMvO1OTURd4AaABAg,@The_capybaraofc,Y'ALL ROBIN IS SO DEAD😭,2025-12-15T20:06:39Z,0
neutral,Ugy6HwjV6m7_TXlwxRF4AaABAg,@that.one.tobiano,PANICKING AHHHHH,2025-12-15T20:56:37Z,0
neutral,Ugz5it2nohza6ckJMVl4AaABAg,@The_Indian_Memer,WILL will die ;(,2025-12-18T13:56:50Z,1
neutral,UgyiKNI0vunn0k8YrTN4AaABAg,@mars.ৎ,I’m so scared 💔💔,2025-12-17T00:48:17Z,0
neutral,UgxFE70IKSEZz73iNkN4AaABAg,@sudalaimuthu3312,One last time,2025-12-15T20:27:32Z,0
positive,UgxnbVeGMlfyoIHFaAF4AaABAg,@galanorbrighteye,Love that the thumbnail just has a big ol' spoiler slapped on it if you haven't seen part one already. Some people are definitely gonna be waiting to binge the whole thing once all the episodes are out.,2025-12-15T21:34:44Z,0
neutral,UgwaNyEvfMOtInosDu14AaABAg,@emmanuelkarani8033,"1:36 Steve and Dustin😭😭😭""you die I die""..tell me that's not gonna happen😮‍💨😔",2025-12-15T13:43:44Z,4971
positive,UgxKSqg5UvTfdh0ZuRx4AaABAg,@nandnahhxx5785,IM SO READY OR AM I SKJXK,2025-12-16T06:43:57Z,0
neutral,UgzakKloKEg1Qzf7gQ54AaABAg,@Maddi_Arts,VIDEO KILLED THE RADIO STAR,2025-12-16T17:08:36Z,0
positive,UgzYJmVFDQgqPxsiyHh4AaABAg,@Therealpanz-x2l,IT WAS SO FIREEE DUDE🔥🔥🔥🔥🔥🔥🔥😭😭👍🏻,2025-12-16T04:56:24Z,0
positive,UgxRHOcTs-guyjXteO14AaABAg,@nerdgroot,*One More Season*,2025-12-16T13:31:40Z,0
neutral,UgyGG4lTwrulriOuPwF4AaABAg,@violentoninkgame,where is vecna on the last shot,2025-12-16T20:45:32Z,0
neutral,Ugz9N1LKytPmZUC700N4AaABAg,@nishadcodes6379,1:22 HENRY GLITCHES INTO VECNA 😱🔥,2025-12-15T18:32:59Z,2
neutral,UgzGAqQccrekarZqA-R4AaABAg,@AliM7mad-e4l,𝕄𝕒𝕟 𝕨𝕚𝕝𝕝 𝕡𝕠𝕨𝕖𝕣'𝕤 𝕚𝕤 𝕘𝕠𝕠𝕕,2025-12-16T07:25:52Z,0
neutral,UgxFu1i8rCs6pqVttK94AaABAg,@sinistr35,"Hey guys, did you know that this is not over by a long shot",2025-12-15T15:44:06Z,0
neutral,Ugxo1U-EQZutnCsgl4x4AaABAg,@Mini-c137,release schedule is extra grimey in true netflix fashion..,2025-12-16T23:35:00Z,0
neutral,UgxKX_FVID52QvOWVoR4AaABAg,@chithramani.93,We are waiting,2025-12-17T12:07:22Z,0
neutral,UgzadVm8ToIgg1vNQWZ4AaABAg,@sujith1302,"Steve: you die, i die
Dustin: you die, i die
Me: Both of you don't die!!!",2025-12-15T17:24:55Z,0
neutral,Ugz1CU51trkj7C2C4zJ4AaABAg,@ayagameplays,Badass Nancy vs. Military ?? Damn Walk em down wheeler,2025-12-15T15:02:52Z,0
neutral,UgxB25DpTUoHDbuk43p4AaABAg,@scozzbaggs9224,Holy can open portals,2025-12-15T17:47:20Z,0
,UgzHGkD6Spzzvz6nfxZ4AaABAg,@KaiJinWoo,Let's gooooooooo!!!!!!,2025-12-15T18:36:13Z,0
neutral,UgxHB7kL0LRgQM7eTxB4AaABAg,@potatoxbuildz,"“You die, I die” 

Netflix if anyone dies, so does my subscription (after the finale ofc)",2025-12-15T21:29:09Z,0
neutral,UgxoP2dhQqXIMErILg54AaABAg,@Oreo-w1p,I'm sorry....this is ONLY VOLUME 2??????? WHAT'S GONNA HAPPEN IN THE FINALE????,2025-12-15T17:04:09Z,0
positive,Ugwiv0uCC94dTXw1T7J4AaABAg,@birdiesanders1872,I wouldn't be here if it wasn't for waiting for this show. Now I'm 20 with a kid otw :),2025-12-25T19:42:37Z,0
positive,UgzcvnAIXsi7ybv9isF4AaABAg,@Lucky21ew,YEESSSSs,2025-12-15T13:43:41Z,0
positive,UgzXpwbYoTtCWtLXFv14AaABAg,@hotwheeler07,WOAAHHH,2025-12-16T04:35:36Z,0
positive,UgxE7tT4dwhiiKQtJoR4AaABAg,@MateBeridze-v8z,ayoooooooooooo,2025-12-15T14:09:20Z,0
neutral,UgwGTaS9kCSsxtAhvxB4AaABAg,@harshagarwal8170,Steve will dieeeee …….. noooooooooooooooooooo,2025-12-17T08:14:30Z,0
neutral,UgyFuy_75pbvzYvmh7h4AaABAg,@pezconsuerte,"everyone complaining about Vecna repeating ""it's time"" over and over, but idk it feels like he's just been hinting at his plan all along: it is TIME, it's all about TIME. His main thing is being obsessed with clocks and time, and either building or figuring out an already existing tesseract lol",2025-12-15T20:58:31Z,2446
positive,Ugybi3BwGSO4jcmwLF54AaABAg,@Cels_7,"First time watching Stranger Things! 🎬
Idk where I was in those strange things Era's, but here I am, just finished the season 1-3 and will start season 4 next week bcs it's just an amazing series that I want it to take it slow since I heard that the s5 is the last season, the end of the show! 😭🥹🎬💯

Yup! Believe me or not, idk where I was but I finally got curious and heard enough from the hype of season 5 that I finally started stranger things s1 just this this month and just got done in s3, and ofcourse s4 will be my next. It got me so hooked! It's such an amazing series, it's like it's season, it got getting amazing. Just became my fave! Perks of watching this so late or being late the hype is that I won't need to wait for yrs for these seasons to come, but downbad is that, bcs I'm new and late, it's kinda sad that already ending the show in the newest season (5), it's like as being new to the club, I won't be getting another new season of it 😭 it's kinda sad that it's ending now that's why I'm taking it slow watching the s4 before getting to last season ahhh love this show so much",2025-12-15T18:29:24Z,0
neutral,Ugzmbwv5S_pNC-6owNZ4AaABAg,@DkfkdkJddkdjdj,Omg,2025-12-16T11:00:12Z,0
neutral,UgysRrHKtx0tQLOJAIx4AaABAg,@Sanj0401,"The tears I had when I heard Steve and Dustin said, “if you die, i die” noooo i cant istg if they die im suing 😭😭",2025-12-15T19:39:28Z,0
positive,UgyePwfEPCxm1pvBPk54AaABAg,@kam2384,GOOOOOSEBUMPS,2025-12-15T14:52:14Z,0
neutral,UgypWFcsiQhOxIpffUt4AaABAg,@VanshkumarPathak-k3c,You die I die 🙂,2025-12-19T12:51:58Z,0
neutral,Ugwvh-JA8mS99OphPtR4AaABAg,@peedeepuck6738,"you die, i die??
no way you are doing that, please",2025-12-15T17:12:03Z,1
positive,UgzvNPwv14y8RTxOQfF4AaABAg,@AnnieGodfrey1998,"Omg omg omg 🤩🤩
And Johnathan finally goes to the upside down!!!!",2025-12-16T04:48:21Z,0
positive,UgxR23hUJgPVYIdfoQh4AaABAg,@YourgirlGG5810,And why did I I think the first half was intense but now NEVER MIND,2025-12-16T06:34:36Z,0
positive,UgxFTRVPG29AyAF2VIh4AaABAg,@nehakiroula7602,"Steve- you die, I die
Dustin- you die, I die
Me- IF YOU BOTH DIE, I WILL FOR SURE DIE!!!!",2025-12-15T14:54:28Z,0
neutral,UgyVeXZJlVnLzHFQlF94AaABAg,@JacksonPayne-t8w,So the russo brothers on jimmy falons show had steve fall so i think the clip where someone is falling is steve,2025-12-18T23:20:05Z,0
neutral,UgwmauAf1R4zULqeQs14AaABAg,@happyacooli1910,DID HOLLY OPEN A PORTAL BY HERSELF LIKE MIKE FORESHADOWED??,2025-12-16T05:30:52Z,0
neutral,Ugwpe8FiYXiXhg0JNap4AaABAg,@BlackStarASMR,"Will dies.
Mike dies.
Eleven dies.
Steve dies.
Dustin dies.
Nancy dies.
Jonathan dies.
Robin dies.
Max dies.
Lucas dies.
Vickie survives and saves the world.",2025-12-15T15:31:05Z,0
neutral,Ugx4gZSYIVH5-6SSFS94AaABAg,@KenanAljedi,1:36 The Hell if anything happened to Steve and Dustin! 👿,2025-12-15T14:02:13Z,17
neutral,Ugy0aMrk2FYNWe29dlJ4AaABAg,@awa_mariaaaa,“You die I die” no you die WE DIE !!,2025-12-15T14:34:08Z,0
neutral,UgyppVtKcO4PxV35Dmh4AaABAg,@TsheringDorjiphuntsho-w2c,Fahhhhh and also vecna picking his skin type,2025-12-25T04:30:10Z,1
neutral,UgwHz95yaCnpQdzoozh4AaABAg,@anwerkhan8508,If you die I diee😭😭😭😭😭got me dyingg noo 😭,2025-12-16T01:07:53Z,1
positive,UgzgqKo5O-uo8V4VAdN4AaABAg,@harmo._onyy,IM EARLY !!! YAY!!! ∩^ω^∩,2025-12-15T14:56:22Z,0
neutral,UgzTmdO9cwzItkRLQAh4AaABAg,@Millie-n2f,"Hawkins heroes who watched the video 3 hrs after it was released, gather here",2025-12-15T15:10:56Z,2
neutral,UgxWAyq5P_3YnjYkNux4AaABAg,@VixenGoddess7,"Steve: ""You die, I die.""
Dustin: ""You die, I die.""

Me: ""OH, HELL NO! HOW ABOUT NEITHER OF YOU!""",2025-12-15T14:26:42Z,0
neutral,UgySzavaSwHk2aItybp4AaABAg,@mrbread1545,"You die in die? 


.... You die I die",2025-12-19T00:09:53Z,0
neutral,Ugyyq8X_Ro0NLtQ0GtR4AaABAg,@san.ubs.player,"i've got a crazy prediction, i bet you holly will accidentally call vecna ""henry"" or ""vecna"" instead of mr whatsit, then vecna will know now that max has been talking to her",2025-12-15T17:22:38Z,0
neutral,UgyV_hIQ6K20vufnrzx4AaABAg,@mustafaujjainwala1712,"Steve - You die I die
Dustin - You die I die
Me - Please Nobody fuking die 😭",2025-12-15T14:36:02Z,0
neutral,UgzD4z1e4OGhZZsxDTN4AaABAg,@AnaVerastegui-b3n,pleas nerflix don t buy warner broders pleeeeeeeeeas,2025-12-16T13:45:51Z,0
neutral,Ugyp71t1UDpIbgjonoZ4AaABAg,@J44444zz,More Max scenes? I prayed for times like this😭😭,2025-12-15T14:03:23Z,0
negative,Ugw9GMkEKxb6ffbeCUF4AaABAg,@Smokedship,Well vol 1 was absolute trash except for the last scene. Its like the writers brains had fallen out and they still haven’t found them yet….,2025-12-15T18:58:32Z,0
neutral,Ugz6rNxE_XD3b8nlJ6J4AaABAg,@bharatpurrj0539,Please I am waiting for season 6😢😢😢,2025-12-15T15:37:58Z,0
neutral,UgyEFDJysMBi-B_0xk94AaABAg,@ThePhantomsGarden,"Welcome back Kali
❤❤❤❤❤❤❤❤",2025-12-24T08:32:09Z,1
neutral,UgzC_BXYXGinUgpcHQV4AaABAg,@22CaptainAmerica,i hope hopper will adopt kali as well,2025-12-15T21:59:20Z,0
neutral,UgwNKrhw7mhpoRR0VEJ4AaABAg,@Official_LuccaMOTION,"If either Dustin or Steve dies, a war will begin",2025-12-15T14:47:23Z,6
neutral,UgxWO5DXPt7XwMeqMaN4AaABAg,@vedantparmar8483,Well Steve is dying now from this trailer for sure,2025-12-15T14:32:41Z,0
positive,UgyZlSoyOZxPO7R7ooB4AaABAg,@linosolar,i am speechless i have goosebumps i am excited i am smiling this is so amazing im so excited for this more than christmas,2025-12-15T14:22:55Z,0
neutral,Ugytp7_6JQHoOuBD7rl4AaABAg,@MSB-eu9rn,I find it interesting that they didn't include any of the other children that were recently taken.,2025-12-15T18:23:50Z,0
positive,UgyM_nqqqJCyHoK3dPl4AaABAg,@ZarperAndEvos,I CANT WAIT,2025-12-16T11:42:36Z,0
neutral,UgySYCmAEbBBFvm7u9R4AaABAg,@Cosmic_alexia,1:20 cant choose what skin to have,2025-12-16T15:56:50Z,0
positive,Ugzdefwpin-ERgLp8gx4AaABAg,@nancyakpik-17,man I'll miss you stranger things,2025-12-20T07:21:49Z,0
positive,UgwZmXdTg7FK2KZUMjd4AaABAg,@Quickstep.,"""You die, i die"" 
ABSOLUTELY NOT",2025-12-16T04:10:37Z,0
neutral,Ugw_hMemieAgM0FfbXR4AaABAg,@nickjjismyhusband,LUMAX PLEASE REUNITE 😢,2025-12-15T21:46:03Z,0
positive,Ugy93PZxdJ2H7gBfEb14AaABAg,@Vectorshiftgaming,This is gonna be epic,2025-12-15T13:47:30Z,2
neutral,UgzcGq20McplBxqpvKl4AaABAg,@JoJo-d5m1z,"Really miss the mindflayer as the villain..should've been the main villain it was terrifying, mysterious and powerful ...Instead we got a telekinetic Groot boi ..",2025-12-15T14:57:06Z,0
positive,UgyL3LMR_bRje-CzPSl4AaABAg,@AriadnaNietoCánovas,Wow,2025-12-15T14:01:38Z,0
negative,UgxIo9YzKhhYjLlr0fZ4AaABAg,@0Zero0x,I really hope it's a despair ending,2025-12-16T23:32:22Z,0
neutral,UgyWGW8pkd-4wdfkeRx4AaABAg,@sohomghosh5181,So many finales happening at the same time 🥲💔,2025-12-15T14:53:40Z,0
neutral,UgzAIaNd7opJIdp712x4AaABAg,@giuliafuturephilosopher,why’s no one talking abt the white door? i’m curious abt it,2025-12-15T14:04:16Z,1
neutral,UgzZDP0ISRis1DWuHjN4AaABAg,@nathanl1461,"Is my mind going into overdrive, or did I hear the Thessalhydra? Swear the fact Dustin sayin what he said in front of the drawing too was a nod to it!",2025-12-16T10:09:43Z,0
neutral,Ugx57mYMc6rz9Ci-60N4AaABAg,@FaRy_812,Dont plzzzzzzzzzz   “U die i die”,2025-12-20T11:24:25Z,0
positive,Ugx4YIZIXjQySZ8vQzN4AaABAg,@Gvibes24,Christmas needs to hurry up.  😭😂,2025-12-15T16:45:30Z,0
positive,UgyDxZY0HvA5p4foCAl4AaABAg,@Chandu_tales,"Real christmas 🎁 begins now!! You die, I die...",2025-12-18T05:08:37Z,0
neutral,Ugw71-bS_9kPamwWSYV4AaABAg,@krishnagopalrakshit7904,"You die I die
Likely one will die and that's steve😢",2025-12-15T19:08:08Z,0
neutral,UgwfGhIYCJMX4TDcqXZ4AaABAg,@bryamguzman221,OHHHHHHHHHHHHHH NOOOOOOOOOOOOOOOO,2025-12-16T01:11:53Z,0
positive,UgyGqbG8rLvQFjq-gaB4AaABAg,@liageorgiou3425,AAAAAAA IM SO EXCITED 😭😭😭💙💛,2025-12-15T14:30:40Z,0
neutral,Ugy_ZVpDPmzPWwLkD794AaABAg,@sun-gjin-woo,Waiting for mokka commentry,2025-12-15T15:33:44Z,0
neutral,UgzS_lDilw2VQ9MAeCh4AaABAg,@mrgenesis6289,At 0:55 Nancy became RAMBO ❤,2025-12-16T10:15:18Z,1
positive,UgzyGDPIN4ksfcKQmiF4AaABAg,@Egg-f2o,This looks EPIC,2025-12-15T21:48:03Z,1
neutral,Ugw4igtVk98IWbkmLKF4AaABAg,@MRBURGR,Are we getting max back?,2025-12-15T14:07:34Z,0
positive,UgzUcjl-1yHAP9Mijqx4AaABAg,@anusharajeev,The trailer already sent chills down my spine. Just imagine watching the whole thing! So excited for the 26th🤩🤩,2025-12-15T18:37:58Z,0
neutral,UgzBkcplXZZLXy9078p4AaABAg,@Kadddexx,why are they talking about dying?!!! no no no no no no no no no no,2025-12-15T15:26:13Z,0
positive,UgxvwGjAP73qfaTkELp4AaABAg,@Pitchside_Tales_ll,If Steve dies ww3 begins,2025-12-15T14:02:57Z,1
positive,UgyagFhopZlo1v6dsFh4AaABAg,@JustinW2980,I don’t know if I ever been this excited about a TV show.,2025-12-16T02:53:28Z,0
neutral,Ugx1QDTbOg6hNkEr2eZ4AaABAg,@Barbiewithgun,Less than 4 hours gang here 👇,2025-12-15T16:47:15Z,1
positive,UgyVHEeLHD7VbBjL3qN4AaABAg,@Disciple-ofJC,Ngl Vol 2 looks like its gonna be even more of a banger,2025-12-15T14:21:33Z,0
neutral,UgwuKGg6CYBus1c-ESN4AaABAg,@shelby19s,Plzz max and holly don't die,2025-12-15T16:23:24Z,0
neutral,UgzZ8r51kEHD2gHhwoB4AaABAg,@tomsik7657,",,Avengers: Endgame"" ahh trailer",2025-12-15T14:50:24Z,1
positive,UgybaoOZVNJGZLpLeRp4AaABAg,@elsie2521,Enjoying this goated ahh trailer then realizing this will be the last season LIKE TF U MEAN I'M EXPECTED TO SEE NO MORE OF THIS AFTER NEW YEAR?!?!????,2025-12-15T14:25:51Z,0
positive,UgxHCwWb3TfjJ4coclZ4AaABAg,@Toriaa95,Now it's almost time for OUR suffering to end 😭,2025-12-15T14:34:35Z,1
positive,UgzhFSUQV2E05Ffl5Zt4AaABAg,@jazminebrook,"that ""you die, i die"" moment gave me LITERAL full body chills.",2025-12-15T23:45:39Z,0
neutral,Ugz3p2dRs2vwToG7TC54AaABAg,@АлексейКлышбаев,Не ну то что обычные школьники стреляют.как заправские морпехи это уже перебор,2025-12-15T15:22:47Z,0
neutral,Ugw6L8nNn2fbL5P1j954AaABAg,@AnittaBlox,Nooo Stive,2025-12-15T21:18:40Z,1
neutral,Ugwp1OZLuGXcdSlmwfx4AaABAg,@varad6535,"""You Die, I die""
If You Die The Duffer Brothers Die",2025-12-15T14:44:43Z,1
neutral,UgyQUvinzgDjknfR_MF4AaABAg,@somabhattacharya4394,Vecna using Doremon door🗿,2025-12-15T17:46:08Z,1
neutral,UgwpRVJrWasLMmKidqp4AaABAg,@derfritz4550,"so Vecna needs the Kids and their "" energy"" to break trough into our world completely i guess?


damn he will drain this kids like batterys :(",2025-12-15T21:31:11Z,0
neutral,UgwBgLg6TmEjj_BwlON4AaABAg,@carinadourado2995,❤❤❤❤❤❤❤,2025-12-15T14:38:35Z,0
neutral,Ugx1J0WxC9lyWh5b6vJ4AaABAg,@arianna.iturner,"""You die I die"" call back from s3 BUT NOW IM SCARED ONE OF THEM IS GONNA DIE!!!",2025-12-15T13:44:31Z,0
positive,UgyLFXgbGFJJdPPQcO54AaABAg,@ipohondrick,Epice !!,2025-12-15T18:17:27Z,0
neutral,UgzxriwPvMdXiSxq6TF4AaABAg,@j4ward95,I needed this trailer after watching John Cena’s final match…,2025-12-15T14:10:35Z,0
positive,UgzWdzuJ9I5TC404TP14AaABAg,@Xret_621,It’s too good  I pissed myself,2025-12-15T17:49:36Z,0
neutral,UgyIKVf0u5R2PErdeqd4AaABAg,@claramu3868,Portals give kind of DARK vibes,2025-12-16T10:26:59Z,0
positive,Ugy0Hm5frBb7Ey3rsoN4AaABAg,@Serco5,THE BEST SERIES VOLUME 2 LOOOOOOOOOL,2025-12-15T13:41:43Z,3
neutral,UgzwFWkWOYPrtqzzTvl4AaABAg,@zyluw,"Will, Eleven, eight vs Vecna in the finale would feed families🔥🔥",2025-12-15T14:25:54Z,1
neutral,UgyoSBUcxw6PQMH1M_54AaABAg,@OndrejPohlodko-k9i,❤️❤️❤️❤️,2025-12-16T00:07:30Z,0
positive,UgwHkmYYqQBsjtz-X7V4AaABAg,@Hearts.Summer,From all of the trailers we all know this is a series we will never forget 🥹✊,2025-12-15T14:23:25Z,1
neutral,UgyTVoMTK7iH6u9FxcV4AaABAg,@MiaHart-m2h,"I’m calling it, Steve and Dustin I’m 100% dying",2025-12-16T02:58:51Z,0
negative,Ugz4zgKjBkEW0SjMmp54AaABAg,@pulser47,Cmon now with the spoiler thumbnail smh,2025-12-15T21:19:43Z,0
neutral,UgygJU7Ttl-xj7hNDK94AaABAg,@shahrbanooShadpoori,"""You die, i die""
Chill guys no one dies, except for jonathan of course😂😂",2025-12-15T16:28:52Z,0
neutral,UgyBPUR-YrIJskr_8vd4AaABAg,@leandrozappala,"The door Max and Holly go through leads to the Wheelers’ basement.
The ceiling goes down, like they’re going underground.
And it’s the same door from Season 1, when Mike’s mom calls them to dinner.
Coincidence? Check it yourself.",2025-12-19T21:48:58Z,0
neutral,UgzHeDAGzml0eZNWSDN4AaABAg,@AL_sharks,1:19 robins dead,2025-12-16T00:15:33Z,0
positive,UgyUGX99PAi1EW2QE4x4AaABAg,@AsmrAudy8,its timeeeeeeee,2025-12-15T16:44:44Z,0
positive,UgxFDGlJYt-PgHnTcEZ4AaABAg,@Max_Mayfieldsimp,HOLLY IS COOKED💀,2025-12-15T13:46:19Z,0
neutral,Ugwza0QLRoOdUOdgLqR4AaABAg,@jamiwer85,Seeing more of Steve at least gives me hope that he won’t die in shock jock,2025-12-15T18:18:28Z,3
positive,UgyCROAya8TXnZApdsd4AaABAg,@Virajv5,"""If you die, i die"" 🥀",2025-12-15T13:47:12Z,0
positive,UgxmiuMSKgOBoG-sPZd4AaABAg,@BCR_Fishing_2010,best christmas present ever,2025-12-15T22:23:57Z,0
neutral,Ugx76-RMTL_NVFOxE114AaABAg,@GhostRider-by8jx,why it feels like the last tune i heard in some other movie trailer.Any guess guys?,2025-12-16T07:35:08Z,0
neutral,UgwgyT9mG_cpZ7JHxVZ4AaABAg,@TanishRealm,🔥🔥🔥🔥,2025-12-15T21:14:24Z,0
neutral,Ugwa-TDUTUdAGaO4Vuh4AaABAg,@aeeallearthinessentertainm238,Jonathan died 🤧,2025-12-15T14:15:40Z,0
positive,UgzbDTxZ--Xv4dhHrQN4AaABAg,@ريانالنافعي-ظ1ذ,We are eagerly awaiting the next episode and don't want to be separated from the series. We hope for a happy ending,2025-12-15T14:21:33Z,1
positive,UgwTMDC2JV_jboEmv5t4AaABAg,@hgarcia7935,Oh shit! This is real!!🙈🤯🤯🤯,2025-12-15T13:55:46Z,0
neutral,Ugwdl1tSEHX8EKlpT994AaABAg,@justinmartinez1,It's going to be so scary when everyone survives.,2025-12-15T14:32:50Z,0
positive,Ugwx9XefpPUrj5ZJxcl4AaABAg,@Cardboard_Creations77,"Well, if it ain't Nancy walk em down Wheeler",2025-12-20T22:49:54Z,0
neutral,Ugx39ct8y8b6ixMjw5V4AaABAg,@aarna_shettyy,bye holly will be missed,2025-12-15T15:26:49Z,0
neutral,UgxsA6s6m8V2mDRG4Pt4AaABAg,@PoliticalGuy123,PLS LET DEREK HAVE SCREEN TIME I BEG OF THEE🙏🙏🙏,2025-12-15T23:08:01Z,0
neutral,Ugzh9wZvGCWxxthPn8t4AaABAg,@yourVishal7232,😢😢😢 steve,2025-12-15T14:10:37Z,0
neutral,UgybACcEA4nyWbwq3WF4AaABAg,@RedIndian08,Goosebumps,2025-12-15T22:13:45Z,0
neutral,UgzciNyOYAc8VRRJujV4AaABAg,@Pellwers,"1:42 I kneew it! My theory was that the upside down mirrored both dimension X and hawkins. If you go up into the sky inside the upside down, you probably end up in the upside down'ed dimension X! Think of the UD like a disc, in the middle of Mr. Clarke's drawing of the wormhole. The mindflayer can't travel through the hellscape, (where henry was seen flying in season 4,) so he needed a physical BRIDGE to cross. It might even have been paralleled with Johnathan and Steve climbing up the radio tower. So excited!",2025-12-15T14:41:33Z,0
neutral,Ugz7CLoKIHadVEDa_7N4AaABAg,@myfictionaluniverse,"1:38 ok so jancy just got BLASTED through the air oh my god

Also I reckon it's not Henry being hurtled through Dimension X in that zoomed out shot",2025-12-15T17:06:39Z,0
positive,Ugz11SvO9f63DQ94fBt4AaABAg,@hamna1843,"Never liked Nancy this much before 
Girl slay",2025-12-15T17:42:17Z,0
positive,Ugy9Q8uOCxnemnaFcRN4AaABAg,@edgargutierrezjr24,CHRISTMAS TIME,2025-12-16T12:39:42Z,1
neutral,UgygUnhWrtUC3w72ZKJ4AaABAg,@Memesforlive-y5b,"Team: Steve better not die down here
👇",2025-12-15T16:37:58Z,0
neutral,UgzrKwDOvZlNsZbgib54AaABAg,@Smallone-km9oi,"1:36 ""YOU DIE I DIE"" looks like Steve and Dustin are back 😢🎉",2025-12-15T13:45:23Z,18
positive,UgzVLOkeiPA1s0IPRYB4AaABAg,@kabiragarwal8921,Damn🤌🤌🔥🔥,2025-12-15T20:24:12Z,0
positive,UgwPjFHLQCLx9FZzUYN4AaABAg,@gamerxbeam,"steve and dustin say ""u die, i die"" we know some bad shit is about to go down",2025-12-15T14:13:04Z,0
positive,UgyHu8MgXPG9mezgoqJ4AaABAg,@Pakhee_k,Its tiiiiiimeeeee ............i DoNt wAnT A lOt foR ChRistMas,2025-12-16T09:30:43Z,0
neutral,UgzPTyBkQAxH9R0DadR4AaABAg,@EastToWestTCG,"To the people are threatening Netflix and the Duffer Brothers over a character potentially dying, you all realize the show is ending and you were never going to see them again anyways, right?",2025-12-17T15:16:02Z,1
positive,UgxURzFx_0PFGQC0Mm14AaABAg,@mastera734,This looks like a whole different show! Can't wait🔥🔥,2025-12-15T15:54:06Z,0
neutral,Ugx5huLhm1mtKsCTEjV4AaABAg,@threadpoolgam3s535,Either 11 dies a hero. Or Hopper dies saving her for redemption of not being able to save his own daughter.  I don’t care about the others.,2025-12-15T16:12:18Z,0
positive,Ugw2lS5pTL2ltsyQeNl4AaABAg,@alee_sagar7809,It's gonna be a banger,2025-12-15T15:57:15Z,1
positive,UgwWbdVFsO1gh0AKolh4AaABAg,@Hendricks-i9w,I'm so hyped for this 😁💯🗣️🔥,2025-12-16T05:20:18Z,1
neutral,UgwjzR3ZlKzU9JtJid14AaABAg,@Madesh.M-c4d9l,You die i die,2025-12-15T18:20:38Z,0
neutral,UgxAYA61inRkDgzlSXl4AaABAg,@EVILGAMER-0,1:45 dragon head,2025-12-15T13:55:16Z,4
neutral,UgwzhDP-8kgT57HBA_N4AaABAg,@Ecstaszy,no one is dying I swear on my soul,2025-12-15T16:07:01Z,0
positive,Ugw8yN7Si9Ehj-ECcEp4AaABAg,@Omermujeeb03,WE SO BACK BABYYYYYYYYYYY OOOOHHH TOO GOOD,2025-12-15T17:15:55Z,0
positive,UgxOa_s3d4usY4gZ9e14AaABAg,@Kurogiri-456-i0s,Yes,2025-12-15T17:13:05Z,0
neutral,UgzgCSZxUW24e2rFJMN4AaABAg,@rina-jpeg,wheres my byler.,2025-12-15T13:44:54Z,0
neutral,UgzKk1c7QUWvw9Y_6wF4AaABAg,@DharshiniS8,"Steve: You die,I die
Dustin: You die, I die
We: They die,  we all die 😭",2025-12-15T15:55:49Z,1
positive,UgyMAhjjVj4gpLyM1gZ4AaABAg,@sofiareyes7968,HOLY SHIT,2025-12-15T14:40:58Z,0
neutral,Ugwnn0nOX5RF-XpytB14AaABAg,@Kiran.Sharma12,"If anything happens to Steve and Dustin, Imma be Vecna irl and bring Duffer’s world upside down! 

Period!!",2025-12-15T15:19:39Z,0
neutral,UgwkuCLJFzt-IOmAAX14AaABAg,@Tnjhl,Steve no man - don’t die!,2025-12-15T14:23:01Z,0
neutral,UgzGmepjgtHrfIuFIhR4AaABAg,@shifaazahraa0,1:08 MILEVEN IS SO OVER BYLER IS HAPPENING,2025-12-15T15:54:00Z,0
positive,UgyVBfqD4imZ5G6PVlZ4AaABAg,@leina9670,NOT A SINGLE BYLER SCENE WE WONNNN,2025-12-15T15:52:57Z,1
neutral,Ugzqba-J8anLRjCJX6x4AaABAg,@oneandonlyvarter,early,2025-12-15T13:40:37Z,0
neutral,UgxNOWH_on57Af5zrWx4AaABAg,@BlackStarASMR,Nancy „Eat my bullets“ Wheeler,2025-12-16T03:30:59Z,0
neutral,UgyiqRSb-PnR7HOT5394AaABAg,@_whatisgoingon_,"""you die, i die"" 
uh so what if no one dies?? 
or a better one
what if i die?",2025-12-15T13:57:47Z,0
neutral,Ugzqkx7toEtB9s1SQQp4AaABAg,@PrantaChy-b8r,Steve 😢,2025-12-16T04:22:54Z,0
neutral,Ugz66GrTrYwLBs66hod4AaABAg,@AJB9806,0:50 the bullet hits matching the music and then the Nancy reveal… 😙👌🏻 pure cinema,2025-12-15T17:25:30Z,1
positive,UgxCcP5p3xskVYArpGp4AaABAg,@reneérappfan,THIS IS SOOO HELLA GOOOD,2025-12-15T16:44:43Z,0
positive,UgxpDdmq2um2FpOLw1x4AaABAg,@XaviPz-z5f,they ruined the musiccc 0/10 trailer,2025-12-15T21:01:44Z,0
neutral,Ugwzn0z8A0HmExY_MdJ4AaABAg,@franestrada6189,"Go girl, give us nothing!",2025-12-15T18:29:29Z,0
neutral,UgylcqOIQmHN7HwFcqh4AaABAg,@Adoreaishaaa,Oh hell no he just randomly decided to turn into Vecna after Max told her she had to go back?😭 Ngl I thought that was a dumb idea because if their in Henry’s memories he can probably read their mind☠️ Like when he got Holly that gift and she asked “How’d you know”,2025-12-16T19:14:00Z,0
neutral,UgzPEONCJzU2vwLKqFp4AaABAg,@christianabeldangol,Ehh how  about nobody dies 😭😭😭,2025-12-15T21:52:40Z,0
neutral,UgwYzfH1TRFVrQiFhjx4AaABAg,@crayolinnn,Byler endgame,2025-12-15T14:22:56Z,1
neutral,UgzUoZCKdrJLtFjkXU14AaABAg,@ILoveNirvana94,BYLERRRRRRR🎉,2025-12-15T16:07:27Z,0
neutral,Ugxiu01_CAzSZQ5WcFt4AaABAg,@cobalt8065,Rock hard,2025-12-15T18:21:58Z,0
neutral,UgxBpU65-cTt3U5uhvF4AaABAg,@Lush_angela,Malayaliss ❤,2025-12-15T18:07:02Z,0
neutral,UgxtxIdXH4MhyLt8RWZ4AaABAg,@JT-oh2dq,"""you die, i die"" HELLLLL NAWWWWWWWW.... OHHHHHH LOOORRRDDDDDDD-😭😭😭😭😭😭😭😭😭😭😭😭😭😭",2025-12-15T14:16:52Z,2
positive,UgwvGaaoWiZGQ_9o2P94AaABAg,@amitachand6460,no plsss this is crazy im not ready omfggg,2025-12-15T14:12:29Z,0
positive,UgzKp4_4v4Avakk4LAh4AaABAg,@tammypennington9495,I don’t know how they do it…but it just keeps getting better!❤,2025-12-15T14:16:50Z,0
positive,UgzSnmluyD0yf9Y31B94AaABAg,@liooooooooooooooooooooooo,"I dont like the ""you die, i die"" scenes ToT also the demodogs are back!!",2025-12-15T17:22:00Z,0
neutral,UgzCEANeyUxqWTMD1bx4AaABAg,@winterzzz-RBLX,Is this supposed to be a good Christmas gift or bad Christmas gift on Christmas cuz of the date yk,2025-12-15T22:43:45Z,1
positive,Ugwiyqknj3VJ-a7Rlqp4AaABAg,@PeterGodwin-k7w,"The Legends who watched the video less than 5 hours after released, gather here ⚡",2025-12-15T15:30:37Z,0
neutral,Ugz09SYrB0D5tKLrFt54AaABAg,@cauaguimaraes9305,STEVE DEFINITELY DYING,2025-12-15T15:00:41Z,0
negative,Ugx8t2xFS1BejcSBl1l4AaABAg,@BlackStarASMR,"Plot dies, special effects live.",2025-12-15T14:57:55Z,0
neutral,UgyBcC1KUBgRMqZDisB4AaABAg,@Iris_im,Johnathan????? Why such less screen time he definitely ded,2025-12-15T20:39:44Z,0
neutral,UgzAYhV_BYtvRbOo3hB4AaABAg,@greenblue6935,Can't believe they've leaked that eleven gets killed off 😮,2025-12-15T15:20:18Z,0
positive,UgydYHL8QOVaINUFdDp4AaABAg,@Tweenlife-t1g,When is this outttttt,2025-12-15T16:26:34Z,0
neutral,UgzX7pYEtbQuqiYjYsB4AaABAg,@TrekurianAlexander,Why will don't get shown that much,2025-12-16T17:44:15Z,0
positive,Ugyxh_k4AiRdm3LBd6x4AaABAg,@MR-uu7tq,"I can't wait so excited, I'm ready but not ready at the same time for this",2025-12-15T15:39:07Z,0
neutral,Ugz5J3uZqT1TjIlIDeR4AaABAg,@luisguzman-y2d,"Don't worry Anymore , Netflix, we all die on the same day😭",2025-12-15T19:00:44Z,1
neutral,UgzIexnK5kOLY6QI10N4AaABAg,@Eddieeeeh,Will b like: v in the endgame now,2025-12-15T13:54:26Z,0
neutral,Ugy-tddFZkG6dzXAsIR4AaABAg,@bettercallabhinav,we're in the endgame now,2025-12-15T14:17:25Z,1
neutral,UgzMN7U5xAHcd94FE7Z4AaABAg,@BathiriGnanankith,You die I die 🤌🫶,2025-12-15T17:31:23Z,0
neutral,UgzrkN74a-USfP33xV54AaABAg,@Aderhb,THE THESSALHYDRAAA,2025-12-15T17:46:30Z,0
neutral,Ugz38_6SDGm7Ho4Q-JN4AaABAg,@nico_movie,Let’s see who dies first.,2025-12-15T19:43:22Z,0
neutral,Ugyfthp_ihSBmYRoPh14AaABAg,@winkhantaung9436,AI is getting too scary,2025-12-15T17:00:57Z,0
neutral,UgyBtk2HnOzBhUDie054AaABAg,@TheVillainaire,God,2025-12-15T16:22:02Z,0
neutral,UgwVb4VTVDMZJus-bA94AaABAg,@NateBuckingham,So happy Dustin and Steve are friends now but I’m kinda worried …,2025-12-16T04:34:56Z,0
positive,Ugym9-MnPLcQ1ixEd4Z4AaABAg,@Swastik0011,Volume 2 trailer wasn't necessary but it is so soo awesome!!!,2025-12-15T14:46:50Z,2
neutral,UgygnVjis-BztwKm24V4AaABAg,@Adwin-i5l,"Steve: you die i die 
Dustin: you die i die
Me:you guys die i die😭",2025-12-16T15:55:39Z,0
positive,UgzqfAPvblMSSmFJf2F4AaABAg,@valdenirmarcondes197,"""It is time for new world!"" 

EU TÔ TODO ARREPIADO",2025-12-15T14:22:36Z,0
neutral,Ugz9B7GvaKqq44PkAxV4AaABAg,@smasheratharv-on2ho,You die i die,2025-12-16T18:22:10Z,0
neutral,Ugzm-JtQ2LsU_3R0ycV4AaABAg,@elijahbruce7582,I wonder do the military going to hunt will now because if his powers,2025-12-15T16:19:45Z,0
neutral,UgwGekfGbwVE0jI_zMB4AaABAg,@Shaebruv,this is the vol 2 trailer btw,2025-12-16T00:21:00Z,0
positive,UgzUzFXOCL9CwYwxedB4AaABAg,@Werkaxo,I don't think I'm ready for this..NOT THIS,2025-12-15T15:41:56Z,0
positive,UgxSwcyrjPFtw6MQ_hN4AaABAg,@SoumikPal-r4r,It's gonna be peak🙌,2025-12-15T15:49:44Z,0
positive,UgyY4Pi3iuEBGSi4g0R4AaABAg,@chris6700,Looks so much better than part 1.,2025-12-15T18:11:27Z,0
neutral,Ugy5ewrPzUNCsUGmE0F4AaABAg,@maplejet,"I hate to say this, but someone is probably not making it out the volume.",2025-12-15T23:52:52Z,0
neutral,UgwYdU7YKsjEhuJ86GF4AaABAg,@ujjwalgarg1540,You die I die wtf is that no one should die!,2025-12-15T15:40:58Z,0
neutral,UgyTwAKfRDg_WFnLRPt4AaABAg,@Drew_Frenchie,Please tell me Ted Walk em down Wheeler has powers,2025-12-24T06:07:27Z,0
neutral,Ugx45Z4RVXBEWwMxSqV4AaABAg,@WildRider_789,stranger things zero point,2025-12-15T18:41:29Z,0
neutral,Ugzrb7oNZQor86848Mh4AaABAg,@sleepnow3053,VICKY NOO,2025-12-15T15:20:09Z,0
neutral,UgxeTD5tZpax1mZ4HWJ4AaABAg,@MRRduckylikygoody,I wonder how hard it was making vecna turn to Henry and 001 every second...,2025-12-16T09:07:50Z,0
neutral,UgySCL5sAkAI-mfK0W94AaABAg,@zayyuhh,0:55 Nancy wheeler moving militant…Bet.,2025-12-15T15:30:58Z,0
neutral,Ugxoe0boLlQ9hNVOFol4AaABAg,@ImansyahAdih,Gacor ini gak sabarrrrr🎉,2025-12-15T16:39:32Z,0
neutral,UgxFW8VRlCL23nTX06p4AaABAg,@Parmeey,Steve and Dustin better be safe.,2025-12-15T16:32:10Z,1
neutral,UgxYNxT9kS84FGpCJ2l4AaABAg,@saielectronics8830,I think steve is gonna die while saving dustin.😢😢,2025-12-16T16:51:28Z,0
neutral,Ugy5oxrDZBypNjudWGh4AaABAg,@sadeenai,حريقةةةةةةةةةة🔥🔥🔥🔥,2025-12-15T17:17:12Z,1
positive,UgzUUEk9nsS3hKHQfOF4AaABAg,@MonetAllen-b1k,Steve and Dustin the brothers neither knew was needed,2025-12-16T07:02:26Z,0
neutral,UgykzPa_vCQIqPi9ljh4AaABAg,@jezzyj2987,Wtf so intense,2025-12-15T14:25:41Z,0
neutral,UgzPlbdNIptdVV31jGB4AaABAg,@Cinefactmalayalam,എന്തോന്നാടെയ് പടച്ചു വിടുന്നത് 🔥🥵🥵🔥,2025-12-15T13:53:10Z,0
neutral,UgyfiGjkgrCEdXkvYL94AaABAg,@narcoticopium332,"You Lied And I Died ! 
            Georgie Denbrough",2025-12-15T18:01:30Z,0
neutral,UgxwQa21NQaiyUnDkAZ4AaABAg,@Leonardo-gr9fp,😮,2025-12-15T16:27:17Z,0
neutral,UgyxtTnGzP6KTeL_sYJ4AaABAg,@MNaz0078,NACNY WALK EM DOWN WHEELER,2025-12-15T15:35:40Z,0
negative,UgzDwry4GIFRQgNwh2J4AaABAg,@Bollybuyumba123,gay bitch,2025-12-15T22:49:50Z,0
neutral,Ugw46AzNn76H_f6BPD94AaABAg,@camdenskindagay,conan grays ex had quite the glow up,2025-12-17T01:55:19Z,0
neutral,UgzHdYTpSZJtq_ntfqZ4AaABAg,@Morningstarssss,MILEVEN ENDGAMEE AND ALSO ELEVEN BETTER DO VENCA INN,2025-12-15T14:28:32Z,0
positive,Ugy8ZdTSi66wyEeAzmd4AaABAg,@vincemartinez1666,So we getting new upside down rules and reveals ??? Hell yea,2025-12-15T13:49:03Z,0
positive,UgzwhyFHwvAH8lYM7kB4AaABAg,@gw_mandeep_yt7790,It will a game-changer,2025-12-15T16:08:21Z,0
positive,UgxDAg77S7_R3hRb8jp4AaABAg,@iamsrg_24_7,Yeaaahhhhhhhh❤,2025-12-15T13:51:00Z,0
positive,UgxfjFUyQGSQ-z2ek-Z4AaABAg,@Noasark27,This version of the song is so peak,2025-12-15T23:43:59Z,0
neutral,UgwxM9m9VQtB3QzY6Ql4AaABAg,@abel68i,Omg,2025-12-15T16:39:46Z,0
