,comment_id,text,published_at,roberta_neg,roberta_neu,roberta_pos,roberta_label,num_words
71,Ugz3Vr_GTVW-3T7Wo_54AaABAg,"존나 재밌어요,, 제발 아무도 죽이지마ㅜㅜ😢",2025-12-26T13:43:53Z,0.462163895368576,0.497059166431427,0.0407769419252872,neutral,5
141,Ugy56Au03cPoitDxWal4AaABAg,"me alegra tanto no haber visto el trailer antes del volumen 2, hubiera arruinado tantos momentos épicos.",2025-12-26T05:59:35Z,0.0930850505828857,0.8184338212013245,0.0884811505675315,neutral,17
181,Ugw2otDpuwhs2t5dAp14AaABAg,bhenchoodo krdo release 🙏🙏🙏🙏kyu tadpaai jane ah,2025-12-26T00:56:45Z,0.0053796963766217,0.3535014390945434,0.6411188244819641,positive,7
212,UgzhdBGrIozyWuzzMDV4AaABAg,ждем финал,2025-12-25T20:12:54Z,0.1880239248275756,0.7467082738876343,0.06526780128479,neutral,2
230,UgylxNNfkI0FJaxh8SV4AaABAg,é hojeeeeeeeeeeee!!!!11eleven1!!!!,2025-12-25T18:03:17Z,0.0350734554231166,0.4548438787460327,0.5100827217102051,positive,2
294,UgzwLsBRb5ci2BBUHJZ4AaABAg,it’s almost timeeee,2025-12-25T08:24:45Z,0.0066336463205516,0.2595953345298767,0.733771026134491,positive,3
373,UgwPxNyrL1C1rWvWsqx4AaABAg,🙏🙏,2025-12-24T14:51:51Z,0.0196048393845558,0.3223749697208404,0.6580201983451843,positive,1
576,Ugy1FjLATRK8fv4v2Q94AaABAg,vecna ki fielding set hai.,2025-12-23T06:07:42Z,0.2121283560991287,0.661340594291687,0.1265310794115066,neutral,5
587,Ugw_gDo2pYYQV-RaJsZ4AaABAg,"hay un poquito de video en tu spoiler, checa eso netflix",2025-12-23T03:24:29Z,0.0884356275200843,0.8343417644500732,0.0772226825356483,neutral,11
598,Ugyg9L7K6FqImAfGtk94AaABAg,nancy 🤟🏻🤟🏻🤟🏻,2025-12-23T00:20:36Z,0.0046696187928318,0.2292353361845016,0.7660951018333435,positive,2
614,UgypJYQupL696V8eQpt4AaABAg,noch nie so ein scheiss gesehen,2025-12-22T22:28:08Z,0.1704363673925399,0.7252219319343567,0.1043416336178779,neutral,6
618,UgxmiZ5s6GguC-GEhJJ4AaABAg,شبيصبرني؟!!,2025-12-22T21:27:15Z,0.195927545428276,0.7436883449554443,0.0603841580450534,neutral,1
638,UgwQ0yOkJ_CwdiP7f9Z4AaABAg,"vecna be like, ""is baar khtm hi kr duga""",2025-12-22T18:32:09Z,0.1794208884239196,0.749818742275238,0.0707603618502616,neutral,9
714,UgyWVNMYASzVYUihlLl4AaABAg,vecna hajai dedi mann,2025-12-22T09:16:33Z,0.1953896731138229,0.6837037205696106,0.120906613767147,neutral,4
731,UgykicMEIQjj9mo42t94AaABAg,halaaaaaaaaaa ikaw kasi eh,2025-12-22T06:11:20Z,0.1089273020625114,0.8104263544082642,0.0806463211774826,neutral,4
798,Ugz23ziQr0r_9g1btdp4AaABAg,como matéis o a dustin o a steve os denunció por depresión,2025-12-21T17:48:14Z,0.0926693081855773,0.872491717338562,0.0348390340805053,neutral,12
1074,UgzIbs2tAiaFjie2ABx4AaABAg,uʍop ǝpᴉsdn,2025-12-20T08:56:33Z,0.1192419305443763,0.8274024128913879,0.05335558578372,neutral,2
1336,UgxOJedG3i51pD5HfB54AaABAg,пусть он выходит только робин и викки чтоб не умерли иначе нетфликс закроют 😊,2025-12-19T08:26:57Z,0.0159754734486341,0.661457896232605,0.3225665688514709,neutral,14
1389,UgzvQXe5KhfjfxtVhc94AaABAg,vecna the kanda bhaji,2025-12-19T03:16:15Z,0.1076152473688125,0.8012348413467407,0.0911498814821243,neutral,4
1466,UgyqYb8ZppEPnCuCHPd4AaABAg,falta pouco 😢pra acabar,2025-12-18T21:39:21Z,0.6815060973167419,0.2967877984046936,0.0217060875147581,negative,4
1605,UgxTMTO9ot-VUbRLirZ4AaABAg,mai majak nahi uda raha drawing dekho 😊,2025-12-18T14:42:46Z,0.0034775256644934,0.3539006114006042,0.6426218152046204,positive,8
1706,UgzQqC8RFY2n_7_LEtl4AaABAg,"va te faire foutre grosse salope, vous avez tué combien de gamins vous avez enlevé combien de gamins pour alimenter et faire des films parce que vous avez pas de niveau tout le monde peut faire ça. par compte vous gagnez bien votre vie sur le dos des des gamins français, européen, blanc ou les synagogues à brooklyn, les petits américains blancs.",2025-12-18T09:50:40Z,0.0878203138709068,0.8270785808563232,0.0851011201739311,neutral,62
1792,UgzhMpqt6OQdRs52QUN4AaABAg,the demodogs are back so that means dart is back👀👀👀👀👀👀👀👀👀👀👀👀👀👀👀👀👀👀👀👀👀👀👀👀👀👀👀,2025-12-18T05:41:31Z,0.0243332460522651,0.3752060532569885,0.6004607081413269,positive,10
1893,UgyPeoklJNMkkvuf0UR4AaABAg,don’t touch steveeeee!!!!!,2025-12-18T00:50:15Z,0.599306046962738,0.3461484014987945,0.0545455068349838,negative,3
2289,UgyU52ivggu8_DW0-Tt4AaABAg,आपको ओढलढढढढदढुढढज्ञझराक्षथज्ञज्ञज्ञज्ञज्ञजुयज्ञ य यमभआभंघघभंघघघघाआआघघाघभभाचाआममोभ,2025-12-17T12:41:54Z,0.1759251803159713,0.7924834489822388,0.0315913558006286,neutral,4
2317,Ugxu-oW2YR-LuEy-jrB4AaABAg,bhaii kab ayega vol2 😢,2025-12-17T11:48:25Z,0.7453844547271729,0.2367924600839615,0.0178230889141559,negative,5
2356,Ugzhm8McbINIPihQ9oN4AaABAg,guhindu pin byaranze,2025-12-17T09:38:44Z,0.1277863085269928,0.7452845573425293,0.1269290596246719,neutral,3
2359,UgyOYnsCjxm1p_iAq294AaABAg,kanda bhaji is back,2025-12-17T09:33:33Z,0.0099583566188812,0.6337340474128723,0.3563076257705688,neutral,4
2423,Ugw1ZzF7aMZviPobyJp4AaABAg,9 días para el segundo volumen,2025-12-17T06:53:14Z,0.0563596487045288,0.887844443321228,0.055795919150114,neutral,6
230,UgylxNNfkI0FJaxh8SV4AaABAg,é hojeeeeeeeeeeee!!!!11eleven1!!!!,2025-12-25T18:03:17Z,0.0350734554231166,0.4548438787460327,0.5100827217102051,positive,2
2533,Ugyl6h8tu3Im0AXr3a54AaABAg,اَللّٰهُمَّ صَلِّ عَلٰی مُحَمَّدٍ وَّعَلٰٓی اٰلِ مُحَمَّدٍ كَمَا صَلَّيْتَ عَلٰٓی اِبْرَاهِيْمَ وَعَلٰٓی اٰلِ اِبْرَاهِيْمَ اِنَّكَ حَمِيْدٌ مَّجِيْدٌ۔اَللّٰهُمّ بَارِكْ عَلٰى مُحَمَّدٍ وَّعَلٰٓی اٰلِ مُحَمَّدٍ كَمَا بَارَكْتَ عَلٰٓی اِبْرَاهِيْمَ وَعَلٰٓی اٰلِ اِبْرَاهِيْمَ اِنَّكَ حَمِيْدٌ مَّجِيْدٌ۔,2025-12-17T04:00:07Z,0.1717929244041443,0.7914905548095703,0.0367165729403495,neutral,33
2617,UgwxgvUcKwSvZtAwmXN4AaABAg,1:08 💀🔥,2025-12-17T02:12:27Z,0.0685753598809242,0.4153711497783661,0.5160534977912903,positive,2
2684,UgzJhgOWTLQL4qYr84d4AaABAg,essa trilha sonora!!!,2025-12-17T00:59:32Z,0.0514456331729888,0.6490697860717773,0.2994844913482666,neutral,3
2721,UgyGukZYod_PPDB8X3h4AaABAg,я знаю  чем буду занят на новый год 🔥,2025-12-17T00:23:12Z,0.126224547624588,0.8150546550750732,0.0587207712233066,neutral,9
2845,Ugxsyk_a04QUIGmWWFF4AaABAg,não sei como eu estarei pós 25 de dezembro 😭,2025-12-16T22:38:33Z,0.3390359282493591,0.6182525753974915,0.0427114702761173,neutral,10
2847,UgyB8q5sn44mC2zFR_14AaABAg,netflix walo tum ek behen ke low de hoo.,2025-12-16T22:34:37Z,0.1515767872333526,0.8001482486724854,0.0482749715447425,neutral,9
2854,UgxhazzSdNEesTMTnSl4AaABAg,zamardanking,2025-12-16T22:28:13Z,0.1860343813896179,0.6931314468383789,0.1208342239260673,neutral,1
2857,UgyBohPjtQ9lZv9vCFR4AaABAg,oui,2025-12-16T22:24:25Z,0.354759931564331,0.482341319322586,0.1628987789154052,neutral,1
3058,UgzFTRhloPP-6UiQQPh4AaABAg,se ve de la vecna,2025-12-16T19:51:31Z,0.1406681686639785,0.7199023365974426,0.1394294947385788,neutral,5
3076,UgxHK-q20IuPv7Cd13N4AaABAg,mileven endgame ❤,2025-12-16T19:40:23Z,0.0028670083265751,0.1173752024769783,0.8797577619552612,positive,3
3093,UgyKvvPvBwz6Jnl5aZV4AaABAg,eeiiii 0:51 🔥🔥,2025-12-16T19:26:26Z,0.0054203807376325,0.1279921382665634,0.8665875196456909,positive,3
3258,UgzYxUSlOnWtsq2RlVZ4AaABAg,me arrepiei com o trailer imagina quando sair,2025-12-16T17:45:09Z,0.064874418079853,0.8639336228370667,0.0711920112371444,neutral,8
3889,UgyOnd9BCX068gtGkKZ4AaABAg,"agar wo dono mare ,saala netflix hq uda daalunga mai",2025-12-16T13:10:47Z,0.1062929481267929,0.8450194597244263,0.0486875064671039,neutral,10
3922,UgwLmruUgYG3692yw6B4AaABAg,volume 1 mai kya ye bhool gaya mai 😭,2025-12-16T12:57:49Z,0.4480590522289276,0.5126727819442749,0.0392681621015071,neutral,9
3924,UgzgLbNg7SJ5k1Uqa_p4AaABAg,vay bee fragmana bile doyamadım,2025-12-16T12:57:21Z,0.2263035625219345,0.6720141768455505,0.1016822680830955,neutral,5
3967,Ugx0iaqOorz1J4LROI54AaABAg,jaldi aaja bhai,2025-12-16T12:37:39Z,0.1730181276798248,0.7227903008460999,0.1041916161775589,neutral,3
3970,UgxiemC62phKAUCIAAl4AaABAg,querendo chorar só com o trailer,2025-12-16T12:35:54Z,0.0784928649663925,0.8447812795639038,0.0767258182168006,neutral,6
4001,Ugw9BjHX15ZPdDKf1zV4AaABAg,"eu vou gostar muito, se for só uma partida de d&d ❤",2025-12-16T12:19:13Z,0.003831566311419,0.325026124715805,0.6711423397064209,positive,12
4326,Ugwz2dWCilaxjT9OmUl4AaABAg,şampiyon fenerbahce,2025-12-16T09:39:02Z,0.2078501731157302,0.7351898550987244,0.0569600090384483,neutral,2
4353,Ugy1vq7JCKaslR98W4B4AaABAg,para mas masaya pa tong abangan kaysa pasko😅,2025-12-16T09:27:01Z,0.0693002194166183,0.7575729489326477,0.1731268614530563,neutral,8
4436,UgyA_N6m4j-mWOHGSqZ4AaABAg,millie o kıyafet ne? tüm sezon gözlerim kanadı,2025-12-16T08:43:30Z,0.2629119753837585,0.6842253804206848,0.0528626292943954,neutral,8
4616,Ugxw_ocUyZ3xIG_SpIN4AaABAg,4 episode bacha h itna bhaw kha rha netflix,2025-12-16T07:27:52Z,0.0850529596209526,0.8640293478965759,0.0509177036583423,neutral,9
4800,UgySsR0oJVAHLG0NOAJ4AaABAg,agar steve ya dustin ko kuch hua to tumhara muh tod dungi,2025-12-16T06:25:48Z,0.141042023897171,0.8072118759155273,0.0517460443079471,neutral,12
4952,UgzOaT9_nz_eCZxyqPt4AaABAg,tatti,2025-12-16T05:37:12Z,0.24238121509552,0.575806736946106,0.1818121075630188,neutral,1
4966,Ugwblq8gXfAQF-OTTm14AaABAg,yo estuve aqui,2025-12-16T05:33:35Z,0.12033461779356,0.7348856925964355,0.144779697060585,neutral,3
5176,UgzJwCrk-o2-HiATNt94AaABAg,0:32 camazotz?,2025-12-16T04:47:28Z,0.0746988877654075,0.8524143695831299,0.0728867352008819,neutral,2
5178,UgwvvIUL8vI9c8TKmbF4AaABAg,"de tantas cosas que podían pasar no me esperaba para nada esto, estoy tan ansioso de ver el segundo volumen que mi cabeza no puede procesar todo lo que acaba de ver en este preview, y me puse aun mas ansioso con ""si tu mueres yo igual"" bro quee 😭😭🙏",2025-12-16T04:47:16Z,0.1562435925006866,0.6524919867515564,0.1912643760442733,neutral,50
5280,UgxqIjWfeBGB77Zk1994AaABAg,chucha madre cada ves se pone mejor está wea,2025-12-16T04:24:54Z,0.0762413218617439,0.8341675996780396,0.0895910635590553,neutral,9
6014,Ugzm6aPCLpHJmfjSITJ4AaABAg,otra serie destrozada por el movimiento sectario lgtbiqplusplus por tres,2025-12-16T01:54:34Z,0.0482862889766693,0.903317928314209,0.0483957231044769,neutral,10
6036,UgyyfYmOl0SfLmyXXoN4AaABAg,"que cojones habeis echo netflix otra vez una mar iconeria del 15, me poneis al maric haciendo lo que tenía que hacer c anda y pudriros pervertidos, gracias a hustedes hay menos nacimientos en el mundo 🌎",2025-12-16T01:50:39Z,0.0226693842560052,0.7074325680732727,0.2698980569839477,neutral,37
6113,UgzV_Upzp6uqqxYKeJx4AaABAg,apakah max akan bertemu peacemaker,2025-12-16T01:36:08Z,0.167740061879158,0.7718005776405334,0.0604593008756637,neutral,5
6128,UgzTnREcPrks8YoWacB4AaABAg,só pensei em dark,2025-12-16T01:33:02Z,0.1154598891735076,0.8284733891487122,0.0560667775571346,neutral,4
6178,Ugx6HfdQXPBjGDjv1zN4AaABAg,dustin deve salvare steve per poter almeno redimere quel senso interiore di colpevolezza e dispiacere che sente per la morte dell'altro suo mentore...io vorrei ricordare che tra i personaggi principali giovani nessuno ha mai visto morire qualcuno tra le sue braccia come è successo a dustin con eddie...lucas ci è andato vicino però ha salvato max per dire....dustin non ha potuto fare nulla per eddie solo stare con lui mentre moriva se gli fanno morire steve nella stessa maniera è davvero crudelta...,2025-12-16T01:20:33Z,0.0734593197703361,0.8698195815086365,0.0567211024463176,neutral,82
6280,UgzY4nL1N074pwm1CZx4AaABAg,"si dustin o steve caen, tu también caeras netflix 😠",2025-12-16T00:52:35Z,0.3441161811351776,0.609454333782196,0.0464294366538524,neutral,10
6400,UgxNmRaldpu8uM_-Vl94AaABAg,😭 plis ada season selanjutnya dan again and again,2025-12-16T00:31:22Z,0.6024938225746155,0.3630533218383789,0.0344528146088123,negative,9
6558,UgyyH1y-4fjes1yFu_p4AaABAg,kali burdadırrr yesss,2025-12-16T00:02:10Z,0.0695150196552276,0.6403428316116333,0.2901421785354614,neutral,3
6589,UgyHY65cbeVOAiH0twp4AaABAg,muy darkesko,2025-12-15T23:56:19Z,0.1737606823444366,0.7261064052581787,0.1001329272985458,neutral,2
7326,Ugy87tPztQVzgM3sgNh4AaABAg,"dustin y steve no pueden morir, necesito saber que pasa entre mike y will, y porque xuxa no sale ni robin, ni joyce, ni hopper, ni murray y ni erica en los nuevos posters 💔",2025-12-15T21:51:34Z,0.3514748215675354,0.6076558232307434,0.04086934030056,neutral,35
7361,UgwUEOgF6jbb3yhw_jt4AaABAg,"'you die, i die'. la audiencis los ha juzgado pronto. yo dabía. el dolor de la situación y el amor que se tienen reflejado en una frase de la temporada 3.adoro su friendship 😭😭🩷",2025-12-15T21:46:40Z,0.4395535886287689,0.4898596107959747,0.0705867782235145,neutral,34
7454,UgwZRRJ24lJ2c-ZH3514AaABAg,presente nesse momento.,2025-12-15T21:31:37Z,0.1129153072834014,0.6577091217041016,0.2293756008148193,neutral,3
7472,UgygpkwLkbC1uiyk4-x4AaABAg,como que you die i die??? 🥺🥺,2025-12-15T21:28:50Z,0.659690797328949,0.2981760501861572,0.0421331077814102,negative,7
7572,Ugwy_n28rPgpAO5bSUt4AaABAg,lagog,2025-12-15T21:13:19Z,0.2602835297584533,0.5021724104881287,0.2375441044569015,neutral,1
7583,UgwaBGvwrDsoHAmLrrB4AaABAg,mds a nancy muito xerecuda,2025-12-15T21:11:14Z,0.1226026862859726,0.7678034901618958,0.1095938086509704,neutral,5
7593,UgzFFAmZY-ES61ZpJXZ4AaABAg,no el dustin con el steve puede que mueran tt,2025-12-15T21:09:54Z,0.0997448712587356,0.8337315320968628,0.0665236636996269,neutral,10
7608,UgxVwqUexoL_xZ1OXYF4AaABAg,i’m quite literally sobbing “you die i die”,2025-12-15T21:07:49Z,0.7582423090934753,0.1817035675048828,0.0600541606545448,negative,8
7704,UgwO-nTAhdEuV2XvFNZ4AaABAg,çocukluğum bitme...,2025-12-15T20:54:09Z,0.2095893621444702,0.7286831736564636,0.0617274306714534,neutral,2
7819,UgxZgpRq8DCbbbTnZWp4AaABAg,que buen regalo de navidad,2025-12-15T20:39:07Z,0.1487806588411331,0.763106644153595,0.0881126672029495,neutral,5
7981,UgzcQUcYmHcJNHVQAEl4AaABAg,"mi teoría es que la que cae del cielo es eleven... ella capaz muera o no ahi, o pierda sus poderes y después los que aniquilan son will y 008 no se.jaja",2025-12-15T20:18:25Z,0.1091210469603538,0.828998863697052,0.0618800297379493,neutral,32
8171,UgzW-H36J_6aNp4LI654AaABAg,estamos de vuelta gente,2025-12-15T19:51:39Z,0.0887942239642143,0.8100435137748718,0.1011622250080108,neutral,4
8207,Ugx6iQM1mvtz05bMyf54AaABAg,es bellisimo,2025-12-15T19:46:43Z,0.1740236580371856,0.6134202480316162,0.2125561386346817,neutral,2
8289,UgwipvfcHP6S_wbfzwN4AaABAg,ya la quiero ver 🤩🤩🤩,2025-12-15T19:33:50Z,0.0019371887901797,0.0505477264523506,0.9475151300430298,positive,5
8317,UgwLt0Oa0Em1FAYGbnF4AaABAg,"ok, pero donde esta byler",2025-12-15T19:29:25Z,0.1081228256225586,0.7673153877258301,0.1245618388056755,neutral,5
8319,UgziJZ-c3o2We7VC9654AaABAg,"joya graciaass, muy bueno!!",2025-12-15T19:29:10Z,0.0201645847409963,0.3964742422103882,0.5833611488342285,positive,4
8379,UgxMwTjgXmJdWS8jt_J4AaABAg,olay çıkar yapmayınnnnnn,2025-12-15T19:20:55Z,0.2057767361402511,0.7051586508750916,0.089064672589302,neutral,3
8380,Ugz5I7C6K2anCpU7zOd4AaABAg,steve ve dustin e bir şey olmasın max ve lucas için mutlu son olsun ve lütfen mike eleven mutlu olsunlar evet beklemedeyim,2025-12-15T19:20:51Z,0.1929674297571182,0.7531694173812866,0.0538631454110145,neutral,22
8428,Ugz5Vfj9vZI-8-5QEKl4AaABAg,kupilem truskawki cale te zeby vecna wygral zeby vecna kosci lamal a on kurcze w ciula zrobil nas,2025-12-15T19:15:21Z,0.1484439671039581,0.7920495867729187,0.0595064610242843,neutral,18
8458,UgwJswH9Q4O25TOk71d4AaABAg,mothammida evadino lepesthunnadu /ready ga undadndi ra😢,2025-12-15T19:12:00Z,0.6667531728744507,0.3176371455192566,0.0156096955761313,negative,7
8469,UgxVXoXbWwYWwZHjKvB4AaABAg,puta que pariu eu amo essa série,2025-12-15T19:10:24Z,0.188265785574913,0.7410803437232971,0.070653811097145,neutral,7
8495,Ugw2JPPTBY9h2ZUkvZd4AaABAg,ananızı bacınızı sikim yayınlayın artık,2025-12-15T19:07:45Z,0.3088912069797516,0.6036977171897888,0.0874110534787178,neutral,5
8522,Ugwji-U3Vl0bKFit6X14AaABAg,"amei, só espero que nem o dustin nem o steve vai morrer kk",2025-12-15T19:04:30Z,0.1117045432329177,0.8428279757499695,0.045467372983694,neutral,13
8607,Ugw0OKpOXGZ6XP1KN5t4AaABAg,vecna'nın ölmesini istemiyorum 😢,2025-12-15T18:55:20Z,0.7155065536499023,0.269243061542511,0.0152503885328769,negative,4
8758,UgwiimTslSjHY_xvGMZ4AaABAg,muito mais do que eu esperava pqppppp arrepiei,2025-12-15T18:38:00Z,0.1197214275598526,0.7630367279052734,0.1172418817877769,neutral,8
8788,UgyP-33SbmtV4ERmkx54AaABAg,akkan dengestha antunnaagunshaaaaat...,2025-12-15T18:35:31Z,0.1692432016134262,0.7804760932922363,0.0502806492149829,neutral,3
8880,Ugya4sy0oIWJuAI_TDl4AaABAg,trop hâte !!! trop long jusqu'à 26... 🔥🔥🔥,2025-12-15T18:25:34Z,0.0142486561089754,0.2850748002529144,0.7006765604019165,positive,8
8938,UgxpUyDAhGgIM93n1zl4AaABAg,"“se você morrer, eu morro”🖕🏽🖕🏽🖕🏽🖕🏽🖕🏽🖕🏽🖕🏽🖕🏽🖕🏽",2025-12-15T18:20:47Z,0.1584367305040359,0.7214263677597046,0.1201368868350982,neutral,5
8944,UgzPBPO9K8WghMwQoBp4AaABAg,hmuhnawm leh dawn mang e,2025-12-15T18:20:34Z,0.1190288364887237,0.8330240249633789,0.0479471608996391,neutral,5
8996,UgzR8SIf6-I9tDg8LYt4AaABAg,maza aae ga ab,2025-12-15T18:15:59Z,0.1680627167224884,0.7211803793907166,0.1107568815350532,neutral,4
9067,UgwYsQfhKrbLPLmnVaJ4AaABAg,cada dia con mas ganas de dar de baja mi suscripcion a netflix.,2025-12-15T18:10:45Z,0.1747747361660003,0.7759411931037903,0.0492840893566608,neutral,13
9170,UgxezTN3BewL9ZpXrmJ4AaABAg,eu quero a ericasaa👹👹👹👹,2025-12-15T18:02:25Z,0.1512101739645004,0.80842125415802,0.0403685942292213,neutral,4
9179,Ugx2N6RJmV9iOm2c8aN4AaABAg,steve payalugada🤩🔥,2025-12-15T18:01:52Z,0.0049084234051406,0.1212425455451011,0.8738490343093872,positive,2
9202,UgwHtZa17g6DiRchog54AaABAg,"nãooooo steve e dustin, não aaaaaaa",2025-12-15T18:00:11Z,0.0196914542466402,0.5674953460693359,0.4128132164478302,neutral,6
9208,UgwDyms_cEqgMRfWkJd4AaABAg,drop skrng aja ga mampu nunggu lagi plik,2025-12-15T17:59:42Z,0.1926123052835464,0.7503694295883179,0.0570182241499424,neutral,8
9233,UgxOgAm0vGFf-BtX_C14AaABAg,los mismos trailers de siempre,2025-12-15T17:56:48Z,0.1633739918470382,0.7849006056785583,0.0517254099249839,neutral,5
9357,UgxmsMrBQFLefs3qITZ4AaABAg,winona murió fuera de escena?,2025-12-15T17:49:22Z,0.0830829665064811,0.8817058205604553,0.0352112501859664,neutral,5
9727,UgwFyXAvXAnPGEjOTmR4AaABAg,mao nani!!!!!,2025-12-15T17:28:30Z,0.2183513194322586,0.4925750195980072,0.289073646068573,neutral,2
9749,UgwYw54rc3QFj96UG954AaABAg,porque  roteiristas tem mania de ficar matando personagens principais? exemplo khaleesi... é demais pedir pra ser feliz na ficção? tirando o vecna não quero que morra mais ninguém!!!!! 😭😭😭😭😭,2025-12-15T17:27:09Z,0.6272140741348267,0.3288122415542602,0.0439737476408481,negative,29
9794,Ugy0pz2gEVLE3MUcs894AaABAg,jhatu log steve ko mar ke hee rahenge lagta hai,2025-12-15T17:25:35Z,0.1302946209907531,0.7838671803474426,0.0858381316065788,neutral,10
9798,Ugw-m8n9sQ4vekPV8R54AaABAg,basta con vickie no sueltenla,2025-12-15T17:25:18Z,0.117940254509449,0.7936124801635742,0.0884472355246543,neutral,5
9811,UgzdH_X9Bd8rn6KVyxt4AaABAg,finalmente porra. dustin parou de ser um bosta do krl com o hominh. steve merece muito mais que esse sem dento escrotinho porra,2025-12-15T17:24:53Z,0.0604567006230354,0.877866268157959,0.0616770014166832,neutral,23
9816,UgzD65L1T2uk9hjzIIB4AaABAg,"nombre ahora si ne dio un miedo real de que robin muera porfavor no, no me la maten",2025-12-15T17:24:37Z,0.1301791816949844,0.7912233471870422,0.0785974860191345,neutral,18
9834,UgyFrcB84SwOd53om7d4AaABAg,bs kr pagle rulai ga kya,2025-12-15T17:23:58Z,0.1941852867603302,0.665284276008606,0.1405304074287414,neutral,6
9848,Ugz5UH-GBpNcYJMzBpl4AaABAg,mano nao to preprada,2025-12-15T17:22:57Z,0.181533932685852,0.7126372456550598,0.1058287844061851,neutral,4
9936,UgxcbKmgeUYfx6nUbid4AaABAg,steve ki fielding set h,2025-12-15T17:19:24Z,0.1616029441356659,0.7400636076927185,0.0983334854245185,neutral,5
10025,Ugz7bZKbCMI3iK2xnO54AaABAg,essa série é muito boa de stranger trings,2025-12-15T17:15:48Z,0.1018922105431556,0.8311854004859924,0.066922441124916,neutral,8
10085,UgwRraAOR1pyWspzzA54AaABAg,maa chudne wali h,2025-12-15T17:13:23Z,0.1758351325988769,0.7061797976493835,0.1179851442575454,neutral,4
10090,Ugyn8XDbsCm0ZRP5B514AaABAg,kanda bhaji vecna,2025-12-15T17:13:12Z,0.1852320581674575,0.6596456170082092,0.1551223397254943,neutral,3
10094,UgxmzbWw-unx6foP62h4AaABAg,masti,2025-12-15T17:13:06Z,0.2277642637491226,0.5384700894355774,0.2337656468153,neutral,1
10098,UgyfP2uZMkEaKh30dYN4AaABAg,steve ko kuch huvaaa maa chod degaa terii netflixx,2025-12-15T17:13:03Z,0.0573056302964687,0.8691425919532776,0.0735517889261245,neutral,9
10196,Ugx60Up0lA0S0DYG1PB4AaABAg,la tensa,2025-12-15T17:09:35Z,0.2386285066604614,0.5758127570152283,0.1855587065219879,neutral,2
10249,UgzCNgpJGuDgvoCDVY94AaABAg,no soozi😢,2025-12-15T17:06:45Z,0.7669849395751953,0.209068164229393,0.0239469297230243,negative,2
10263,Ugyop8TJlCUM5IAzoM54AaABAg,je veux que vekna gagne!,2025-12-15T17:06:22Z,0.0399882271885871,0.7192907929420471,0.2407209426164627,neutral,5
10309,UgzzX5zv5eh5Kr5WeYZ4AaABAg,jaldi release karo madarchod,2025-12-15T17:04:30Z,0.1131123527884483,0.8121397495269775,0.0747478976845741,neutral,4
10343,UgzwylJR-DdfGrrg9Kl4AaABAg,henry nın masumiyeti yok oldu resmen,2025-12-15T17:02:41Z,0.2273570448160171,0.7092050909996033,0.0634378492832183,neutral,6
10450,UgxTzql5VklIFqnwumx4AaABAg,chetta juice undo,2025-12-15T16:58:46Z,0.1855287104845047,0.7464731335639954,0.0679981335997581,neutral,3
10470,UgxMotUC65mDXtYfjxh4AaABAg,bagulhos sinistros,2025-12-15T16:57:58Z,0.1900054365396499,0.7032834887504578,0.1067110523581504,neutral,2
10473,Ugy0bamW0n09huM2DwF4AaABAg,aggiornamenti su joe bevilacqua?,2025-12-15T16:57:47Z,0.0870628878474235,0.8737133145332336,0.0392237938940525,neutral,4
10621,UgwIsSXExmkxT39zS3R4AaABAg,yametekudacy,2025-12-15T16:51:46Z,0.2287824749946594,0.6368463039398193,0.1343711912631988,neutral,1
10680,UgzRPRCyjUeKlOdS0Zt4AaABAg,"ya terminen esta serie, no la he visto y no la quiero ver, ya terminenla. pd: tuve un mal dia",2025-12-15T16:49:16Z,0.2454238831996917,0.6847203373908997,0.0698557868599891,neutral,20
10776,UgxEGfsv0vDCG-YwWDp4AaABAg,aparentemente vai ser só no último ep que vai acontecer o que deveria ter acontecido desde o primeiro episódio dessa temporada,2025-12-15T16:45:42Z,0.0772616192698478,0.8626652956008911,0.0600730180740356,neutral,21
10827,Ugzj5H9NdUI1BqMEvEh4AaABAg,nasan si cong tv,2025-12-15T16:43:45Z,0.1757588535547256,0.7147712707519531,0.10946986079216,neutral,4
10944,Ugxoe0boLlQ9hNVOFol4AaABAg,gacor ini gak sabarrrrr🎉,2025-12-15T16:39:32Z,0.00247284444049,0.1574676632881164,0.8400594592094421,positive,4
10998,UgyI2Chcx1sYion1Yn54AaABAg,"""you die, i die"" vamos tentar nao die????? 😫😫",2025-12-15T16:37:11Z,0.8752928376197815,0.114362433552742,0.0103446412831544,negative,9
11193,UgwDeSjLlVDkWk1GlG14AaABAg,si lo viste en menos de 4h eres de los mios,2025-12-15T16:31:12Z,0.0773739442229271,0.8421529531478882,0.0804731175303459,neutral,11
11220,Ugxur1dad4aT4zk09M94AaABAg,nancy se ve como ripley en aliens,2025-12-15T16:30:23Z,0.0379834026098251,0.9164844751358032,0.0455321483314037,neutral,7
11257,Ugzfvam0nFUWDl2u1wh4AaABAg,steve ah konnurathinha da dai,2025-12-15T16:29:10Z,0.1207246556878089,0.8063766360282898,0.0728987753391265,neutral,5
11399,UgwCWkqwauk-S_L7SNp4AaABAg,"i smell ""alles miteinander verbunden"" ⌛",2025-12-15T16:24:34Z,0.163934126496315,0.6967953443527222,0.1392705142498016,neutral,6
11591,UgzZ_kImfCLW5SOUc5h4AaABAg,finalmente saiu,2025-12-15T16:18:31Z,0.2108250260353088,0.6731640100479126,0.1160109341144561,neutral,2
11605,UgyihkVFEQNApDxOXmN4AaABAg,uuuuuwaaaoooo 💯,2025-12-15T16:18:11Z,0.0283298026770353,0.2785235941410064,0.6931465864181519,positive,2
11630,Ugz_XoFzR6FSR2heCul4AaABAg,ya la quiero veeeeer,2025-12-15T16:17:12Z,0.123646579682827,0.7429452538490295,0.1334081888198852,neutral,4
11633,Ugz-tjGwL3MNXCf9CRp4AaABAg,pq só vai sair no natal?,2025-12-15T16:17:05Z,0.1419574469327926,0.8018539547920227,0.0561886541545391,neutral,6
11772,UgyO4NL21KpXmhm6mYt4AaABAg,"diossss voy a llorar, no aguanto más la esperaaa....",2025-12-15T16:12:59Z,0.2089980989694595,0.7141705751419067,0.0768313780426979,neutral,9
11944,Ugx5W0qE_zmhC7aCPhZ4AaABAg,"como que you die, i die no por favor",2025-12-15T16:07:56Z,0.8245607614517212,0.1582855135202407,0.0171536821871995,negative,9
12044,Ugwki6x5a9wYdSTRwBp4AaABAg,para mí que todo es mentira con steve y dustin y la que va a morir es max,2025-12-15T16:05:13Z,0.026625633239746,0.888360321521759,0.085014060139656,neutral,18
12199,UgzUEa-vcw7F6_Fzrkh4AaABAg,itna khatarnak cut kisne kiya bhai ab to sabr nhi hoga,2025-12-15T16:00:10Z,0.1511662751436233,0.7976928949356079,0.0511407889425754,neutral,11
12379,Ugzc9h5wzTb-hmxKwS94AaABAg,oye dustin se mazak nahi,2025-12-15T15:54:33Z,0.1703744530677795,0.7003328800201416,0.1292927414178848,neutral,5
12419,UgyW8o_7cAYfg9oI5JV4AaABAg,j'ai des frissons !,2025-12-15T15:53:26Z,0.0527905151247978,0.7407793998718262,0.2064301818609237,neutral,4
12542,Ugx-mX4XPhM9ESHfnI54AaABAg,netflix ke maar dunga mein agar steve ko kuch hua toh,2025-12-15T15:49:49Z,0.0885333642363548,0.8634281158447266,0.0480385869741439,neutral,11
12583,UgyKgYg8CkTbW9HNfLF4AaABAg,aag,2025-12-15T15:48:30Z,0.2658734023571014,0.5473954081535339,0.1867312043905258,neutral,1
12636,UgwwNM4t-vSXAfN3u9Z4AaABAg,sethu githu poi tholanjuraadha saamy @steve,2025-12-15T15:46:53Z,0.077341079711914,0.8327147960662842,0.0899441912770271,neutral,6
12721,UgyOtXmLYXdM0jbaxSx4AaABAg,"minha teoria estava certaaaaa.... eles vão usar a torre à favor deles. quero só ver quem será a vítima da vez. (um pequeno detalhe. mas acho que será épico, hein)",2025-12-15T15:44:53Z,0.0990495979785919,0.7696998715400696,0.1312505304813385,neutral,30
12825,UgxqrS1_aP3dA-di6u14AaABAg,willu willu willu vare willu 🔥,2025-12-15T15:42:02Z,0.0182516891509294,0.4850343763828277,0.4967139065265655,positive,6
13071,Ugw4-t5sS-4u73XPqPp4AaABAg,steve ki fielding set lag rahi hai,2025-12-15T15:36:30Z,0.153736412525177,0.7852738499641418,0.0609897077083587,neutral,7
13114,UgzYOs1WWOlJcJghQg94AaABAg,a la mieer,2025-12-15T15:35:26Z,0.1955288648605346,0.626433253288269,0.1780378520488739,neutral,3
13134,UgyIDHNUNyOLWFI6CjV4AaABAg,vol 1 se jyada khatarnaak hoga,2025-12-15T15:35:08Z,0.1275302618741989,0.7896013855934143,0.0828683301806449,neutral,6
13267,Ugz5JjxGcMIPveMIKFV4AaABAg,me va a dar algooooo,2025-12-15T15:31:57Z,0.145097330212593,0.6581032872200012,0.1967993676662445,neutral,5
13290,UgwFMnVR7ufFVtJ2-I14AaABAg,bhai robin ki fliding set hai 😢,2025-12-15T15:31:31Z,0.7594429850578308,0.2276768237352371,0.0128802750259637,negative,7
13333,Ugy403Efjx1Ln_7AMI54AaABAg,"por favor no me maten a steve ni a dustin, que yo también me muero 😭",2025-12-15T15:30:42Z,0.2533557713031769,0.6755577921867371,0.0710864141583442,neutral,16
13395,UgxjkdagQo47_pTg0zN4AaABAg,asdfghjkoijuyjtgrfesdwaesgfrthgyjhukl,2025-12-15T15:29:04Z,0.204097107052803,0.7419430613517761,0.0539597757160663,neutral,1
13406,UgzVd-WyeqkUiVfCL8d4AaABAg,u die i die enti ra 😭 iddarini nijam gana lepasthunara enti,2025-12-15T15:28:43Z,0.5458640456199646,0.4266102910041809,0.0275257006287574,negative,12
13422,UgwGYElb7EHcxelbUmd4AaABAg,už se nemůžu dočkat.,2025-12-15T15:28:20Z,0.2045324742794037,0.7348777055740356,0.0605897828936576,neutral,4
13424,UgxfUXDmynmlyvoavkJ4AaABAg,"esto va a estar intenso, diossssya que se estrene maldita seaaaa!!!",2025-12-15T15:28:18Z,0.1076652184128761,0.6570388078689575,0.2352958619594574,neutral,11
13438,UgxiPzX9eYXpD61NkIl4AaABAg,novvv @mokkacommentry na seekiram vaa na...verii ahh kaathinu iruken.....!!!,2025-12-15T15:28:06Z,0.1395173221826553,0.7748501896858215,0.0856324732303619,neutral,9
13469,UgzU3JE-wV9tjSRUQZN4AaABAg,yarallam mokka commentary review wait pannurigka...,2025-12-15T15:27:26Z,0.1192335188388824,0.8443122506141663,0.036454152315855,neutral,6
13500,UgzYYj3CzAhJY9hRbWB4AaABAg,preparaos para un final mas decepcionante que el de juego de tronos,2025-12-15T15:26:43Z,0.083465464413166,0.843522846698761,0.0730116441845893,neutral,12
13514,UgzLAOx-nGjyp7UqDC54AaABAg,malli em plan chesaruraaa... burra badaindi ❤,2025-12-15T15:26:25Z,0.0050274790264666,0.3221345841884613,0.6728379726409912,positive,7
13726,UgwK3cO-ESkxc7vIyK14AaABAg,ennada panni vecheknne,2025-12-15T15:21:27Z,0.1428919583559036,0.7784006595611572,0.0787074193358421,neutral,3
13870,UgxFduIdA-Y55o7NwsN4AaABAg,will ka fielding set hai,2025-12-15T15:18:26Z,0.1505581140518188,0.7525447607040405,0.0968971401453018,neutral,5
14034,UgzTUNBQxFkNIr0gJYd4AaABAg,uuu new kerrigan,2025-12-15T15:14:51Z,0.0736434012651443,0.8013469576835632,0.1250096559524536,neutral,3
14060,Ugyhej-NC_wOkBD5Aa94AaABAg,o meu deus que desse supervisor,2025-12-15T15:14:19Z,0.2040176391601562,0.7400846481323242,0.0558977574110031,neutral,6
14487,UgxW29-7_HE5ifaeR7B4AaABAg,steve ko bhi shakti dedo yar,2025-12-15T15:04:37Z,0.1656165868043899,0.7127798199653625,0.1216035932302475,neutral,6
14506,Ugxf8ZRdK5si6dwdhot4AaABAg,bhaiiiiii maza aagya can't wait,2025-12-15T15:04:09Z,0.0023533653002232,0.0387780517339706,0.9588685631752014,positive,5
14521,UgxtiFjLDy95KvaoKot4AaABAg,falta pouco😀falta pouco😔,2025-12-15T15:03:47Z,0.163095086812973,0.7203535437583923,0.1165513694286346,neutral,3
14545,UgwyU7u_k9NL8pAD4rF4AaABAg,faltou uma musiquinha para emocionar mais hahah,2025-12-15T15:03:17Z,0.0351195931434631,0.8209474682807922,0.1439329534769058,neutral,7
14590,Ugx79t6cNOdpmZWeHNh4AaABAg,to passando mal,2025-12-15T15:02:29Z,0.2092956751585006,0.6450712084770203,0.145633116364479,neutral,3
14680,Ugy3yQq1iPGiUcIbZjR4AaABAg,tengo miedo,2025-12-15T15:00:30Z,0.2076898664236068,0.5942143797874451,0.1980956941843032,neutral,2
14738,UgwgsHd6HVNY2WUjdwV4AaABAg,"si ellos mueren, yo muero. 😭dios, necesito ver ya el final!!",2025-12-15T14:59:23Z,0.0160619467496871,0.2933241724967956,0.6906139254570007,positive,11
14780,Ugyn-VY9ANTSBcY3rtJ4AaABAg,you die i die please no yr mat marna dustin aur steeve ki😢,2025-12-15T14:58:29Z,0.8758065104484558,0.1165873929858207,0.0076060909777879,negative,13
14898,Ugylcd0s0i99Z82sJ3x4AaABAg,1:07 will vai ka aura🗿,2025-12-15T14:55:54Z,0.0457789748907089,0.8615081906318665,0.0927128791809082,neutral,5
14992,UgyATbYwRrP3Tt_Wd6N4AaABAg,0:24 doraemon ka anywhere door,2025-12-15T14:54:19Z,0.0707867816090583,0.8530783653259277,0.0761348307132721,neutral,5
15001,UgxErC8_AvzDZKXpGx94AaABAg,delightful derek boutta solo vecna,2025-12-15T14:54:07Z,0.0094282841309905,0.5478962063789368,0.4426755607128143,neutral,5
15089,UgwoSAfvmtZr1uaveWR4AaABAg,robin en el hospital :( ya sabemos que pasará.,2025-12-15T14:52:28Z,0.5971619486808777,0.3745842576026916,0.0282538086175918,negative,9
15102,UgzLUWtkXgVUfV5Y6bx4AaABAg,"que graça tem se todo mundo sabe que nenhum dos protagonistas vai morrer mesmo, sem emoção",2025-12-15T14:52:14Z,0.0959046930074691,0.8508849740028381,0.0532103739678859,neutral,16
15172,UgwJREVbS-QBWyn30CV4AaABAg,ce é loco,2025-12-15T14:50:48Z,0.1804399043321609,0.6672847270965576,0.1522753536701202,neutral,3
15585,UgwPbeX7crQg_9aCjHZ4AaABAg,anani si̇ki̇yi̇m,2025-12-15T14:43:34Z,0.2505559623241424,0.6367234587669373,0.1127205714583396,neutral,2
15665,Ugzn1sxrF6EDC2c2-aZ4AaABAg,0:54 nancy sin ningún entrenamiento armamentístico peleando a disparos con militares altamente entrenados en el uso de armas de fuego?,2025-12-15T14:42:33Z,0.1278620511293411,0.8430945873260498,0.0290433559566736,neutral,20
15675,UgzFme53FYfwD8pBiox4AaABAg,"o netflix para com essa putaria de ficar lançando as séries em dois volumes, cês fizeram isso com round 6 agr com essa putaria de strang things! já vou avisando, se fizer dnv só vou assistir os dois volumes juntos e pagar assinatura só dps hein",2025-12-15T14:42:24Z,0.0340847633779048,0.7832635045051575,0.1826517432928085,neutral,46
15726,Ugw9e3oEY1ewl7ze1pN4AaABAg,ithhhhhhhh pwolikkkummmm .......,2025-12-15T14:41:37Z,0.1488101482391357,0.7635811567306519,0.0876086503267288,neutral,3
15836,Ugxjmvx5VetaStTmJEB4AaABAg,si tu mueres yo mueres la línea de esta temporada,2025-12-15T14:39:46Z,0.0636892467737197,0.8675903677940369,0.0687203928828239,neutral,10
16008,UgzMfVB-YSDc_JQyohl4AaABAg,vitireb ragiiindat,2025-12-15T14:37:30Z,0.1430933773517608,0.7482823729515076,0.1086242944002151,neutral,2
16107,UgwMu_OppdG9ql6Pzv54AaABAg,não aguento mais esperar,2025-12-15T14:35:41Z,0.1331298053264618,0.8056964874267578,0.0611737705767154,neutral,4
16123,UgyX2Unz0mcC5rflnFF4AaABAg,ahhhh🌅🎄,2025-12-15T14:35:27Z,0.0037194595206528,0.2262400090694427,0.7700405120849609,positive,1
16132,UgzaTz50T7amrL-hqLV4AaABAg,викки??? вы не посмеете.,2025-12-15T14:35:22Z,0.1542889773845672,0.7992926836013794,0.0464182682335376,neutral,4
16160,Ugx_tlQzWsNU5mDV0t94AaABAg,tamil trailer enga da..??,2025-12-15T14:34:58Z,0.1319652050733566,0.8380364179611206,0.0299983471632003,neutral,4
16186,Ugy2TPgDpZti7DDYXH94AaABAg,steve ku mattum ethachum aachi avalo thaan netflix ey,2025-12-15T14:34:36Z,0.1244892254471778,0.8338838219642639,0.0416269153356552,neutral,9
16195,UgzxZJ9yHw-Pp3yXtb54AaABAg,steve fielding set hai,2025-12-15T14:34:28Z,0.1480873674154281,0.7810883522033691,0.0708242431282997,neutral,4
16220,UgwUtAi41jkv50uhTw94AaABAg,steve ko kuch nahi hona chahiye behnhcdkfosjfiosdfjsdfsdjfiojsf,2025-12-15T14:34:04Z,0.1495756208896637,0.7749956846237183,0.0754287466406822,neutral,7
16289,Ugx7tbd-lF-fnLPWTJZ4AaABAg,maa kasam jisne channel like & subscribe nhi kra wo exam mein pakka fail ho jaayega 💯,2025-12-15T14:33:11Z,0.2243020683526992,0.7149348258972168,0.0607630908489227,neutral,17
16332,UgwkqDCN6zPxr4KYNsN4AaABAg,essa cena do vecna puta que pariuuuuuu! mas esse girl power da nancy ta insuportavel ja,2025-12-15T14:32:35Z,0.0479529164731502,0.795719563961029,0.1563274264335632,neutral,16
16396,UgyE72oEQMvqs9PbWyx4AaABAg,trilha sonora ??,2025-12-15T14:31:24Z,0.1244002804160118,0.8193523287773132,0.0562473349273204,neutral,3
16687,Ugzfc4FISBMxy19ZJMl4AaABAg,sala ye mar kyo nhi raha hai lal danav,2025-12-15T14:27:07Z,0.143701747059822,0.7593506574630737,0.0969476103782653,neutral,9
16750,Ugy5Xa3lT9hpA0rSM-p4AaABAg,ta babado hein,2025-12-15T14:26:15Z,0.1373502910137176,0.7348615527153015,0.1277881562709808,neutral,3
17033,UgymfNyaAs4cEsUnJvJ4AaABAg,nunca q essa mina aparece sem ficar careca,2025-12-15T14:22:01Z,0.1433769315481186,0.7829351425170898,0.0736878663301467,neutral,8
17325,Ugya3o-ztU5cLxF4fYF4AaABAg,"ha 27 minutos, rapaz vi rápido",2025-12-15T14:17:55Z,0.0839881896972656,0.8366718292236328,0.0793400332331657,neutral,6
17428,UgzCzoOSjkDkfbvBBIB4AaABAg,esperando locamente,2025-12-15T14:16:24Z,0.1453016996383667,0.7320056557655334,0.1226926073431968,neutral,2
17473,UgydguagS7HvppStBSF4AaABAg,noooo steve y dustin no quiero que muera nadieee,2025-12-15T14:15:40Z,0.2172145247459411,0.7348108887672424,0.0479745492339134,neutral,9
17483,UgzeTn3K_WpBKpdTJgh4AaABAg,final episode ka trailer bhi ayega kya??,2025-12-15T14:15:32Z,0.05523082613945,0.901985228061676,0.0427838377654552,neutral,7
17494,UgzRG7E7iBcJZEba9Sd4AaABAg,hoyyy ngano feel nako mamatay steve???!,2025-12-15T14:15:25Z,0.1255537122488021,0.8038829565048218,0.0705633461475372,neutral,6
17658,UgyOIRHeLK36Ikd9vMB4AaABAg,"fring king é o caralho, bagulho é framengo",2025-12-15T14:12:58Z,0.0934497341513633,0.7965226173400879,0.1100277230143547,neutral,8
17665,UgyQyz2WccUsDDu6Dfl4AaABAg,cosa. ho. appena. visto,2025-12-15T14:12:54Z,0.1853422820568084,0.7150729298591614,0.0995847657322883,neutral,4
18028,Ugx8fbdXzSjKXkJl1OV4AaABAg,@mokkacommentary nov enga na iruka vandhu paaru na🎉,2025-12-15T14:07:32Z,0.0082168998196721,0.5946070551872253,0.397176057100296,neutral,8
18118,UgzTutjei0iseF8VW3F4AaABAg,gag de la gag,2025-12-15T14:06:09Z,0.2292704582214355,0.6920136213302612,0.0787158757448196,neutral,4
18247,UgzUFOyHrAt3oa44gGh4AaABAg,oddio..stiamo contando i minuti ormai ❤ non vedo l'ora che inizi,2025-12-15T14:03:53Z,0.0119183557108044,0.5098426342010498,0.4782389998435974,neutral,11
18327,UgxHMEj3cUSMoAss1lZ4AaABAg,steve na marna chahiye lode,2025-12-15T14:02:21Z,0.1641971468925476,0.719141960144043,0.11666090041399,neutral,5
18673,UgzQNgp7itDaFia97rp4AaABAg,essa série já foi boa um dia...,2025-12-15T13:56:42Z,0.1104829907417297,0.8245487809181213,0.0649682283401489,neutral,7
18966,UgytkLmPGL8VccUv7Xp4AaABAg,nunca llegue tan rápido a nada,2025-12-15T13:51:24Z,0.1857784688472747,0.7322605848312378,0.0819610133767128,neutral,6
19012,Ugzn7WplnSiB2We_LF14AaABAg,el final de la historia no estamos listos,2025-12-15T13:50:36Z,0.1910898238420486,0.7532469034194946,0.0556632727384567,neutral,8
19066,UgyHaCsrbd3E_5f2Vix4AaABAg,me va a dar de todo si matan a steve! if you die i die nadaaaaa noooooooooooooo!!!!’,2025-12-15T13:49:30Z,0.5725110173225403,0.3604649305343628,0.0670240372419357,negative,17
19255,Ugzp1DOFIzRGHkh-9-h4AaABAg,ninguno morirá yo se que no yo se que no verdad?🙂,2025-12-15T13:46:30Z,0.0728786811232566,0.776379406452179,0.1507418900728225,neutral,11
19493,Ugxkrs1HPrpuNka9EI54AaABAg,steve bhai amar rahaim 🔥,2025-12-15T13:43:44Z,0.0304244458675384,0.5214130878448486,0.4481624960899353,neutral,5
19523,Ugx4vkip9mMq_D_5v514AaABAg,ab intzar nhi ho raha .....,2025-12-15T13:43:29Z,0.1424915641546249,0.7724930047988892,0.0850153714418411,neutral,6
19532,UgxpUzmiAa0nLPo0SIl4AaABAg,"e disputa e ? a netflix e esperta, esperou bem vindos a derry acabar pra lançar novo trailer",2025-12-15T13:43:24Z,0.0883179455995559,0.8202409148216248,0.0914411097764968,neutral,18
19580,UgzhAJJPeh_wFEavBKZ4AaABAg,jaldi dalo yaaro,2025-12-15T13:42:59Z,0.1631224453449249,0.7286567687988281,0.1082207635045051,neutral,3
19687,UgysIvnzOz-zXBqGdYZ4AaABAg,presente nesse momento histórico,2025-12-15T13:41:43Z,0.0740451738238334,0.8212382793426514,0.1047165393829345,neutral,4
19689,UgzRzuLXAb8SfbPrt5p4AaABAg,will beta tu kar sakta h jit ke ana,2025-12-15T13:41:42Z,0.1226052641868591,0.8380914926528931,0.0393032096326351,neutral,9
